EngineSize_L,Cylinders,Horsepower,Torque_Nm,TopSpeed_kph,Acceleration_0_100_kph,FuelEfficiency_L_per_100km,CO2_Emissions_g_per_km,Weight_kg,Length_mm,Width_mm,Height_mm,Price_USD
2.9,8,253.0,300.0,236.0,4.61,1.98,74.0,1261.0,4288.0,1689.0,1395.0,22531.0
2.39,8,218.0,319.0,242.0,6.53,6.92,201.0,1558.0,4716.0,1971.0,1321.0,27636.0
3.02,4,107.0,380.0,238.0,7.33,7.84,287.0,1452.0,4479.0,1805.0,1246.0,55773.0
3.72,3,302.0,387.0,187.0,7.99,7.37,194.0,1333.0,4414.0,1776.0,1357.0,40949.0
2.31,6,169.0,247.0,226.0,9.4,7.14,263.0,1628.0,4631.0,1680.0,1644.0,22503.0
2.31,3,163.0,328.0,235.0,8.55,7.61,149.0,2017.0,4278.0,1845.0,1196.0,50989.0
3.76,8,234.0,366.0,220.0,7.12,10.06,178.0,1992.0,4397.0,1854.0,1654.0,35267.0
3.11,4,300.0,466.0,137.0,7.1,7.02,182.0,923.0,4536.0,1691.0,1361.0,35564.0
2.12,10,149.0,390.0,226.0,8.52,6.06,69.0,1673.0,4350.0,1786.0,1405.0,16960.0
2.93,4,224.0,399.0,309.0,10.05,6.8,122.0,1447.0,4701.0,1766.0,1237.0,20150.0
2.13,8,250.0,328.0,206.0,7.75,8.95,125.0,1547.0,5061.0,1826.0,1284.0,22624.0
2.13,4,269.0,461.0,191.0,6.56,11.03,221.0,1381.0,4274.0,1688.0,1325.0,35697.0
2.69,4,232.0,361.0,235.0,5.51,5.93,224.0,1535.0,4000.0,1925.0,1243.0,36168.0
0.97,8,194.0,234.0,232.0,4.61,7.75,196.0,1545.0,3899.0,1892.0,1369.0,58161.0
1.12,12,162.0,460.0,268.0,8.83,8.35,221.0,1326.0,4455.0,1764.0,1339.0,40776.0
2.05,4,226.0,390.0,170.0,8.66,5.02,172.0,1231.0,4301.0,1778.0,1678.0,-5613.0
1.69,6,145.0,276.0,249.0,8.65,7.55,240.0,1365.0,4562.0,1786.0,1225.0,38940.0
2.75,6,16.0,272.0,244.0,7.24,3.84,180.0,1570.0,4540.0,1722.0,1415.0,13250.0
1.77,4,251.0,350.0,214.0,10.31,3.08,183.0,1680.0,4019.0,1756.0,1437.0,20510.0
1.37,12,283.0,366.0,234.0,6.53,8.42,167.0,1756.0,3956.0,1773.0,1239.0,22817.0
3.67,10,55.0,340.0,261.0,9.41,6.54,214.0,1352.0,4589.0,1961.0,1503.0,25050.0
2.32,8,149.0,351.0,255.0,7.42,8.01,159.0,1585.0,4541.0,1895.0,1340.0,14373.0
2.55,6,263.0,490.0,174.0,6.28,7.46,229.0,1789.0,4372.0,1893.0,1026.0,38052.0
1.36,10,364.0,427.0,253.0,8.69,5.06,123.0,1850.0,4003.0,1837.0,1499.0,13838.0
2.06,4,221.0,339.0,217.0,8.32,7.39,125.0,1482.0,4641.0,1688.0,1232.0,40350.0
2.59,10,169.0,414.0,223.0,8.21,4.42,214.0,1434.0,4882.0,1796.0,1243.0,68555.0
1.58,3,207.0,217.0,223.0,7.66,10.98,176.0,1557.0,4583.0,1897.0,1503.0,15060.0
2.8,6,316.0,360.0,214.0,7.42,4.11,157.0,1155.0,4246.0,1674.0,1348.0,30732.0
2.02,4,175.0,501.0,268.0,12.28,7.01,225.0,1442.0,4513.0,1864.0,1538.0,-2852.0
2.27,8,164.0,298.0,217.0,9.87,4.89,150.0,1723.0,4090.0,2032.0,1582.0,30486.0
2.02,12,186.0,235.0,175.0,8.95,8.93,170.0,1693.0,4817.0,1906.0,1303.0,44641.0
3.98,4,153.0,255.0,204.0,7.72,6.67,250.0,1419.0,4525.0,1941.0,1519.0,45810.0
2.49,8,229.0,211.0,227.0,9.51,6.2,257.0,1565.0,3970.0,1822.0,1287.0,36160.0
1.65,12,334.0,242.0,269.0,8.54,9.63,259.0,1253.0,4410.0,1897.0,1735.0,48339.0
3.16,12,243.0,283.0,244.0,7.55,7.57,166.0,1711.0,4639.0,1728.0,1296.0,73191.0
1.52,4,202.0,179.0,186.0,6.89,8.79,242.0,1477.0,4400.0,1880.0,1554.0,60685.0
2.67,10,200.0,322.0,319.0,7.34,5.05,133.0,1417.0,4417.0,1865.0,1527.0,27162.0
0.93,10,111.0,410.0,231.0,1.16,3.99,135.0,1391.0,4133.0,1829.0,1447.0,13233.0
1.44,12,282.0,229.0,271.0,7.92,7.77,62.0,1481.0,4670.0,1932.0,1299.0,28908.0
2.66,10,215.0,472.0,214.0,6.52,6.7,264.0,1366.0,4305.0,1746.0,1377.0,20795.0
3.09,3,207.0,371.0,241.0,10.69,9.07,137.0,1697.0,3853.0,1781.0,1077.0,41770.0
2.64,12,444.0,423.0,254.0,7.54,7.3,174.0,1381.0,4389.0,1810.0,1434.0,17282.0
2.41,12,241.0,254.0,269.0,5.12,8.01,134.0,1978.0,4794.0,1697.0,1452.0,33908.0
2.26,8,167.0,405.0,262.0,7.4,3.44,215.0,1940.0,4384.0,1823.0,1420.0,47570.0
1.32,10,190.0,211.0,255.0,5.41,12.22,161.0,1233.0,5021.0,1628.0,954.0,33490.0
1.92,12,300.0,409.0,207.0,8.45,7.09,115.0,1521.0,4629.0,1905.0,1210.0,20805.0
2.13,3,228.0,337.0,197.0,8.08,9.24,202.0,1305.0,4602.0,1805.0,1288.0,52622.0
3.35,8,119.0,375.0,233.0,9.42,5.41,108.0,1402.0,4461.0,1748.0,1444.0,6815.0
2.77,4,284.0,202.0,257.0,5.92,8.27,138.0,2101.0,4480.0,1717.0,1443.0,30083.0
1.09,12,173.0,230.0,211.0,7.57,4.24,75.0,1408.0,4421.0,1777.0,1374.0,34375.0
2.76,3,351.0,380.0,263.0,4.77,8.63,109.0,1608.0,4409.0,1869.0,1495.0,35239.0
2.19,6,296.0,225.0,278.0,8.9,6.61,189.0,1662.0,4659.0,1855.0,1246.0,37707.0
1.96,3,189.0,366.0,183.0,8.54,7.57,82.0,1200.0,4219.0,1729.0,1492.0,44157.0
2.99,3,310.0,183.0,187.0,8.49,9.24,106.0,1243.0,4177.0,1715.0,1471.0,34469.0
3.32,8,225.0,405.0,214.0,7.5,4.42,180.0,1138.0,4163.0,1866.0,1457.0,29479.0
3.25,4,280.0,197.0,232.0,8.33,5.79,153.0,1234.0,5114.0,1728.0,1373.0,28886.0
1.83,6,254.0,375.0,199.0,10.71,8.64,280.0,645.0,4659.0,1806.0,1675.0,25827.0
2.25,10,161.0,383.0,274.0,6.93,12.75,272.0,1663.0,4591.0,1812.0,1474.0,46813.0
2.77,10,175.0,250.0,237.0,7.78,7.15,137.0,2116.0,4183.0,1831.0,1255.0,25302.0
3.28,3,292.0,378.0,222.0,5.33,8.98,208.0,1544.0,4687.0,1886.0,1437.0,47702.0
2.12,8,197.0,346.0,163.0,5.76,7.23,217.0,1075.0,4465.0,1674.0,1513.0,35285.0
2.35,8,192.0,266.0,167.0,7.7,12.36,150.0,1307.0,4564.0,1609.0,1312.0,27181.0
1.61,10,153.0,219.0,231.0,9.71,3.13,105.0,1362.0,4207.0,1743.0,1563.0,44276.0
1.54,6,250.0,124.0,135.0,6.99,7.74,179.0,1195.0,4548.0,1980.0,1457.0,24088.0
3.15,4,364.0,355.0,261.0,7.03,3.44,171.0,1758.0,4373.0,2002.0,1049.0,44573.0
3.58,6,145.0,164.0,214.0,6.69,1.23,158.0,1743.0,4270.0,1983.0,1445.0,38191.0
2.44,12,222.0,330.0,350.0,6.43,8.24,202.0,1153.0,4720.0,1781.0,1339.0,26055.0
3.3,12,319.0,294.0,312.0,8.09,7.85,142.0,1718.0,4039.0,1622.0,1481.0,42930.0
2.79,4,214.0,388.0,213.0,4.51,6.79,122.0,1958.0,4669.0,1566.0,1542.0,43199.0
1.98,10,252.0,290.0,216.0,10.06,7.23,185.0,2071.0,4705.0,1739.0,1429.0,52363.0
2.79,4,146.0,287.0,260.0,6.17,15.25,199.0,2360.0,4236.0,1780.0,1650.0,49492.0
3.73,8,250.0,393.0,288.0,8.94,6.85,121.0,1229.0,4254.0,1930.0,1373.0,42369.0
2.47,12,207.0,354.0,154.0,4.96,8.78,226.0,2347.0,4433.0,1887.0,1494.0,18086.0
3.75,3,289.0,352.0,149.0,8.84,5.88,91.0,1394.0,4585.0,1823.0,1521.0,71729.0
0.4,3,303.0,367.0,195.0,8.84,8.24,151.0,1322.0,4454.0,1711.0,1385.0,13946.0
3.16,10,401.0,166.0,243.0,8.27,6.9,167.0,1598.0,4630.0,1704.0,1517.0,49239.0
2.57,8,261.0,396.0,240.0,5.51,6.47,148.0,1325.0,5029.0,1825.0,1311.0,41469.0
2.26,6,243.0,381.0,263.0,8.0,12.05,152.0,1620.0,4348.0,1870.0,1337.0,17388.0
2.57,8,234.0,218.0,172.0,5.13,10.44,274.0,1104.0,3985.0,1839.0,1203.0,33135.0
0.91,3,195.0,296.0,127.0,6.99,7.84,137.0,1428.0,4748.0,1697.0,1436.0,33819.0
2.32,3,244.0,316.0,254.0,9.56,1.74,302.0,1886.0,5005.0,1865.0,1449.0,54584.0
2.79,12,199.0,307.0,187.0,9.09,6.6,202.0,1483.0,4618.0,1843.0,1577.0,24300.0
3.68,8,232.0,353.0,139.0,7.53,14.26,185.0,1542.0,4174.0,1693.0,1519.0,31071.0
2.09,8,312.0,463.0,226.0,5.55,6.92,204.0,1643.0,4463.0,1722.0,1357.0,-41.0
1.85,3,150.0,428.0,252.0,8.79,10.26,306.0,1851.0,4164.0,1869.0,1223.0,61021.0
2.1,6,300.0,189.0,215.0,7.54,11.1,130.0,1003.0,4693.0,1777.0,1465.0,18943.0
3.23,10,312.0,382.0,202.0,2.86,8.05,124.0,1675.0,4095.0,1959.0,1567.0,39904.0
2.76,10,212.0,453.0,214.0,9.07,5.4,142.0,1420.0,4410.0,1850.0,1513.0,33479.0
2.08,8,71.0,359.0,205.0,7.45,1.41,182.0,1550.0,4199.0,1751.0,1563.0,33530.0
2.91,10,177.0,429.0,166.0,9.9,9.21,94.0,1818.0,4538.0,1799.0,1368.0,47148.0
2.58,3,311.0,521.0,191.0,5.31,5.46,181.0,1142.0,4390.0,1806.0,1330.0,60069.0
3.27,3,218.0,422.0,241.0,1.15,7.94,265.0,1196.0,4553.0,1727.0,1289.0,38772.0
1.94,8,150.0,345.0,233.0,8.06,4.38,188.0,919.0,4507.0,1709.0,1392.0,44826.0
2.24,8,185.0,425.0,227.0,8.08,6.84,165.0,1335.0,4204.0,1870.0,1388.0,39933.0
2.19,12,279.0,334.0,180.0,4.12,7.58,149.0,1899.0,4688.0,1885.0,1431.0,50263.0
1.33,8,258.0,322.0,213.0,5.54,8.17,225.0,1464.0,4485.0,1860.0,1381.0,28056.0
2.74,6,203.0,285.0,133.0,13.01,4.71,139.0,1098.0,4203.0,1952.0,1380.0,51131.0
2.71,10,194.0,476.0,227.0,6.89,10.49,272.0,1354.0,5172.0,1746.0,1283.0,51657.0
2.5,8,193.0,238.0,277.0,8.96,6.01,277.0,1054.0,4643.0,1967.0,1541.0,51238.0
2.31,4,155.0,473.0,161.0,6.2,3.31,193.0,1162.0,4454.0,1710.0,1411.0,25098.0
1.37,12,333.0,370.0,197.0,3.32,7.23,179.0,1617.0,4925.0,1699.0,1374.0,32475.0
2.16,4,197.0,180.0,233.0,7.16,7.59,232.0,1148.0,5053.0,1624.0,1288.0,38592.0
2.23,3,305.0,357.0,270.0,6.97,7.9,235.0,1834.0,4456.0,1755.0,1200.0,14437.0
1.86,10,326.0,110.0,202.0,6.7,10.91,140.0,1479.0,4604.0,1750.0,1596.0,58924.0
2.37,8,290.0,383.0,192.0,7.27,6.91,154.0,1526.0,4204.0,1853.0,1483.0,34816.0
2.82,4,190.0,409.0,141.0,8.03,7.2,114.0,1416.0,4456.0,1824.0,1156.0,39259.0
4.01,10,248.0,261.0,224.0,7.2,4.74,200.0,1732.0,4440.0,1681.0,1514.0,26345.0
2.64,3,218.0,332.0,302.0,4.97,9.55,213.0,1735.0,4555.0,1761.0,1538.0,15097.0
2.71,6,157.0,515.0,231.0,8.47,7.96,113.0,1601.0,4600.0,1763.0,1419.0,25940.0
2.44,12,243.0,269.0,219.0,3.6,6.45,157.0,1669.0,4668.0,1622.0,1640.0,38288.0
0.96,10,137.0,214.0,233.0,3.4,2.74,113.0,1436.0,4571.0,1702.0,1433.0,45101.0
2.48,10,303.0,468.0,220.0,8.98,11.11,135.0,1663.0,4137.0,1723.0,1187.0,37427.0
2.55,6,187.0,516.0,187.0,8.51,4.43,208.0,1399.0,4218.0,1943.0,1455.0,40201.0
4.47,10,234.0,320.0,253.0,7.39,6.02,143.0,1501.0,4336.0,1819.0,1437.0,29945.0
2.35,3,240.0,421.0,229.0,4.71,8.4,165.0,1418.0,4415.0,1866.0,1310.0,42444.0
2.74,3,202.0,454.0,221.0,6.08,4.51,99.0,1363.0,4815.0,1650.0,1486.0,57242.0
2.47,6,261.0,246.0,181.0,6.97,3.77,189.0,1293.0,4151.0,1919.0,1150.0,45572.0
1.57,12,187.0,271.0,272.0,4.31,2.19,178.0,1640.0,4393.0,1930.0,1549.0,47143.0
3.41,8,281.0,443.0,247.0,6.02,9.3,144.0,1893.0,4786.0,1600.0,1268.0,39410.0
3.1,4,126.0,489.0,198.0,8.8,6.14,171.0,1851.0,4410.0,1729.0,1252.0,12453.0
3.13,8,229.0,376.0,260.0,10.35,14.82,189.0,1123.0,4638.0,1850.0,1383.0,19330.0
1.77,10,356.0,232.0,200.0,6.66,5.01,139.0,1887.0,4458.0,1864.0,1465.0,41823.0
3.62,4,150.0,519.0,189.0,9.01,5.2,106.0,1405.0,4577.0,1732.0,1425.0,34836.0
1.38,6,173.0,267.0,190.0,3.67,6.09,270.0,1680.0,4431.0,1769.0,1289.0,41598.0
2.97,6,256.0,286.0,149.0,8.82,8.11,148.0,1228.0,4700.0,1740.0,1324.0,60146.0
4.25,12,233.0,354.0,239.0,5.89,6.32,175.0,1543.0,4036.0,1811.0,1230.0,45891.0
1.71,4,245.0,475.0,147.0,8.11,9.03,231.0,1594.0,4391.0,1920.0,1366.0,53883.0
2.05,3,254.0,405.0,171.0,7.0,5.05,356.0,1055.0,4589.0,1723.0,1561.0,36420.0
2.58,4,264.0,361.0,137.0,10.14,4.05,118.0,1682.0,4660.0,1900.0,1399.0,22892.0
2.1,10,298.0,366.0,217.0,5.75,3.0,202.0,1904.0,4948.0,1722.0,1529.0,34132.0
1.26,3,249.0,324.0,214.0,8.76,1.94,145.0,1448.0,4383.0,1715.0,1618.0,22929.0
2.55,6,203.0,376.0,207.0,6.94,6.2,153.0,1908.0,4944.0,1882.0,1312.0,58374.0
1.65,4,267.0,67.0,178.0,7.18,6.75,144.0,1443.0,4302.0,1892.0,1372.0,46856.0
2.88,8,353.0,290.0,173.0,7.13,5.92,124.0,1755.0,4899.0,1885.0,1726.0,42808.0
1.76,12,211.0,344.0,239.0,5.81,10.61,178.0,834.0,4745.0,1668.0,1617.0,53539.0
3.74,8,152.0,205.0,198.0,7.47,10.57,106.0,2226.0,4226.0,1753.0,1149.0,4699.0
1.87,12,297.0,359.0,233.0,7.37,6.66,227.0,1949.0,4592.0,1882.0,1458.0,43822.0
2.24,10,212.0,300.0,185.0,7.98,3.02,183.0,1415.0,4485.0,1804.0,1400.0,15340.0
3.15,8,68.0,496.0,227.0,7.67,6.08,201.0,908.0,4688.0,1693.0,1524.0,34891.0
1.52,4,279.0,477.0,272.0,9.1,6.0,157.0,1586.0,4433.0,1846.0,1288.0,30324.0
2.68,4,183.0,273.0,243.0,9.35,5.86,162.0,1067.0,4408.0,1729.0,1274.0,44926.0
3.55,8,214.0,305.0,204.0,5.4,5.76,194.0,1633.0,4911.0,1979.0,1299.0,38423.0
1.21,4,243.0,313.0,230.0,9.24,5.87,122.0,1623.0,4470.0,1954.0,1314.0,55177.0
2.65,10,233.0,275.0,210.0,5.13,6.53,162.0,1218.0,4748.0,1860.0,1522.0,25972.0
2.71,3,270.0,340.0,220.0,8.68,5.91,137.0,1836.0,4432.0,1936.0,1223.0,45637.0
3.13,10,190.0,244.0,207.0,8.74,8.02,135.0,1742.0,5000.0,1806.0,1307.0,37433.0
1.51,12,256.0,207.0,213.0,3.68,8.4,75.0,1793.0,4296.0,1877.0,1132.0,10471.0
1.44,10,202.0,382.0,228.0,7.69,5.22,247.0,1503.0,4316.0,1948.0,1551.0,21221.0
2.92,12,272.0,383.0,180.0,6.56,10.68,146.0,1075.0,4957.0,1825.0,1591.0,32752.0
2.74,4,263.0,240.0,179.0,5.98,5.05,238.0,1793.0,4367.0,1774.0,1351.0,51684.0
2.7,3,155.0,410.0,164.0,10.2,3.46,233.0,1419.0,4980.0,1630.0,1355.0,41956.0
2.78,4,296.0,257.0,156.0,6.19,8.45,116.0,1083.0,4768.0,1792.0,1468.0,17487.0
1.96,6,182.0,345.0,171.0,5.89,5.46,126.0,1906.0,4454.0,1882.0,1621.0,32895.0
2.69,4,277.0,402.0,226.0,7.65,8.3,308.0,2130.0,3956.0,1895.0,1461.0,65267.0
2.73,12,246.0,317.0,184.0,8.87,1.49,268.0,1488.0,4494.0,1850.0,1295.0,36668.0
1.93,4,349.0,365.0,241.0,7.22,10.98,178.0,2148.0,4530.0,1746.0,1157.0,30090.0
3.99,4,204.0,268.0,221.0,9.83,9.18,193.0,1527.0,4850.0,1602.0,1233.0,42376.0
2.88,3,196.0,300.0,141.0,8.56,3.75,148.0,1386.0,4977.0,1750.0,1411.0,46451.0
1.55,4,219.0,299.0,246.0,3.14,3.8,202.0,1311.0,4295.0,1770.0,1302.0,28157.0
3.03,3,199.0,245.0,252.0,6.44,11.68,144.0,1991.0,4740.0,1769.0,1429.0,42539.0
1.72,8,276.0,302.0,180.0,6.38,5.66,78.0,1266.0,4730.0,1862.0,1317.0,30067.0
3.13,6,107.0,165.0,237.0,8.46,5.41,114.0,1721.0,4822.0,1999.0,1241.0,45790.0
3.43,3,146.0,271.0,186.0,2.25,1.83,181.0,1332.0,4650.0,1812.0,1223.0,37545.0
1.84,12,145.0,292.0,224.0,12.6,6.62,123.0,1362.0,3917.0,1778.0,1634.0,42230.0
3.27,8,287.0,294.0,169.0,8.56,6.93,177.0,1809.0,4453.0,1774.0,1533.0,23612.0
2.83,3,340.0,296.0,148.0,7.8,9.29,126.0,1386.0,4153.0,1812.0,1660.0,22681.0
3.16,3,213.0,314.0,205.0,9.86,4.0,141.0,1379.0,4439.0,1717.0,1481.0,49182.0
4.02,6,208.0,368.0,215.0,12.19,3.7,223.0,1840.0,4794.0,1812.0,1336.0,33809.0
2.3,12,225.0,407.0,204.0,9.24,8.63,192.0,1979.0,4592.0,1845.0,1599.0,39276.0
1.9,10,301.0,255.0,173.0,9.4,10.02,180.0,1693.0,4844.0,1821.0,1395.0,30404.0
1.79,10,155.0,200.0,204.0,7.76,3.57,224.0,1304.0,4603.0,1846.0,1433.0,48481.0
1.85,3,237.0,216.0,231.0,7.22,10.2,204.0,1347.0,4111.0,1843.0,1394.0,25883.0
2.44,4,288.0,271.0,218.0,6.55,7.59,252.0,1524.0,3744.0,1623.0,958.0,32966.0
2.77,12,255.0,285.0,227.0,5.85,10.23,157.0,1596.0,4545.0,1864.0,1641.0,46790.0
2.72,8,233.0,243.0,193.0,6.13,7.32,159.0,1204.0,4436.0,1733.0,1474.0,52595.0
3.16,4,290.0,190.0,267.0,4.8,1.19,115.0,1717.0,4207.0,1690.0,1449.0,27144.0
2.51,4,31.0,274.0,173.0,7.35,7.12,159.0,1526.0,3990.0,1690.0,1391.0,64395.0
3.66,12,267.0,338.0,240.0,4.13,10.15,228.0,985.0,4280.0,1843.0,1425.0,39699.0
2.29,3,174.0,380.0,267.0,7.88,5.27,245.0,1221.0,4442.0,1778.0,1310.0,19356.0
4.68,3,92.0,264.0,239.0,7.43,6.53,228.0,1349.0,4700.0,1632.0,1492.0,40536.0
3.0,3,256.0,279.0,212.0,7.79,7.06,90.0,1478.0,4557.0,1848.0,1204.0,29255.0
1.81,3,316.0,227.0,199.0,6.46,0.25,234.0,2067.0,4982.0,1656.0,1428.0,41511.0
1.64,10,210.0,317.0,261.0,13.65,11.68,88.0,1571.0,4189.0,1814.0,1484.0,34357.0
2.89,3,287.0,235.0,163.0,10.22,5.25,225.0,1248.0,4764.0,1824.0,1370.0,36114.0
2.32,10,333.0,377.0,181.0,5.01,8.76,162.0,1566.0,4514.0,1889.0,1456.0,21326.0
3.07,10,312.0,141.0,204.0,7.97,7.28,215.0,1394.0,4708.0,1978.0,1251.0,49851.0
2.88,3,335.0,284.0,270.0,6.28,10.64,113.0,1597.0,4369.0,1664.0,1255.0,17658.0
2.44,6,272.0,350.0,235.0,5.47,8.52,239.0,1674.0,4822.0,1795.0,1436.0,18369.0
1.82,8,225.0,338.0,181.0,4.82,6.91,107.0,1863.0,4589.0,1772.0,1502.0,40510.0
1.29,4,108.0,589.0,208.0,8.36,5.27,147.0,1493.0,4296.0,1843.0,1119.0,59043.0
2.14,10,203.0,355.0,195.0,6.14,9.49,130.0,1992.0,4496.0,1822.0,1478.0,29711.0
3.19,12,161.0,220.0,192.0,9.44,2.82,92.0,1772.0,4428.0,1765.0,1319.0,45515.0
2.67,12,372.0,310.0,259.0,9.49,9.11,185.0,1288.0,4647.0,1756.0,1371.0,51100.0
1.5,8,208.0,142.0,165.0,10.25,4.75,270.0,2163.0,4146.0,1688.0,1199.0,47220.0
2.64,12,229.0,312.0,284.0,5.8,10.63,313.0,1598.0,4491.0,1899.0,1272.0,30332.0
2.81,6,259.0,237.0,253.0,8.45,7.9,185.0,1249.0,4619.0,1846.0,1545.0,18634.0
1.79,12,223.0,412.0,264.0,8.76,9.11,236.0,1996.0,4510.0,1892.0,1405.0,1887.0
2.62,4,339.0,265.0,201.0,6.55,7.7,192.0,2123.0,4904.0,1769.0,1343.0,31057.0
2.55,4,176.0,308.0,214.0,5.96,3.12,205.0,1490.0,4732.0,1734.0,1383.0,52671.0
1.59,10,234.0,256.0,163.0,10.72,5.35,163.0,1349.0,4498.0,1692.0,1473.0,18138.0
2.79,3,168.0,494.0,199.0,7.95,9.18,190.0,1448.0,4565.0,1836.0,1466.0,45503.0
2.95,6,128.0,288.0,240.0,8.77,7.92,207.0,1714.0,4589.0,1696.0,1389.0,20748.0
3.37,10,177.0,503.0,272.0,5.86,10.45,151.0,1883.0,4621.0,1985.0,1564.0,36591.0
3.34,6,217.0,401.0,176.0,5.06,8.51,176.0,1671.0,3952.0,1669.0,1546.0,45617.0
1.4,3,190.0,368.0,205.0,6.36,5.08,177.0,1531.0,4410.0,1827.0,1462.0,25108.0
1.75,12,172.0,357.0,214.0,7.25,5.51,221.0,1949.0,4055.0,1957.0,1408.0,37557.0
2.91,12,122.0,359.0,164.0,5.37,7.76,127.0,1406.0,4883.0,1860.0,1499.0,28774.0
2.91,3,214.0,127.0,244.0,7.48,1.71,177.0,1809.0,4482.0,1818.0,1447.0,45577.0
2.91,10,115.0,292.0,191.0,4.12,11.68,276.0,1414.0,4442.0,1703.0,1559.0,38530.0
5.58,3,273.0,405.0,212.0,5.26,8.6,238.0,1629.0,4769.0,1662.0,1535.0,35848.0
2.96,8,226.0,315.0,202.0,8.84,10.57,247.0,1466.0,4627.0,1877.0,1247.0,58375.0
3.41,4,118.0,179.0,188.0,8.71,3.55,181.0,1483.0,4161.0,1951.0,1237.0,44935.0
3.26,10,198.0,315.0,220.0,6.72,10.61,196.0,1387.0,4479.0,1756.0,1295.0,24645.0
3.02,6,167.0,490.0,211.0,5.46,13.08,230.0,1903.0,4399.0,1686.0,1546.0,33712.0
2.25,8,242.0,445.0,205.0,5.45,4.2,258.0,1280.0,3977.0,1554.0,1164.0,33862.0
3.11,10,314.0,314.0,191.0,6.75,9.43,82.0,1278.0,4293.0,1702.0,1459.0,36205.0
1.88,3,89.0,415.0,233.0,8.79,7.5,114.0,2136.0,4445.0,1789.0,1454.0,72868.0
2.31,3,228.0,283.0,286.0,9.36,3.64,245.0,1793.0,4466.0,1960.0,1574.0,40563.0
2.11,3,209.0,150.0,226.0,6.51,8.73,166.0,784.0,4055.0,1867.0,1427.0,4461.0
2.57,3,267.0,228.0,260.0,5.19,9.58,146.0,1330.0,4845.0,1831.0,1199.0,26858.0
4.35,6,235.0,476.0,164.0,8.04,6.0,117.0,956.0,4469.0,1760.0,1256.0,6014.0
1.01,8,167.0,293.0,226.0,5.85,10.41,152.0,1215.0,4511.0,1742.0,1223.0,30053.0
3.05,12,198.0,296.0,176.0,6.46,3.33,110.0,558.0,4620.0,1941.0,1319.0,5190.0
1.21,4,164.0,290.0,161.0,10.15,3.76,285.0,1459.0,4264.0,1820.0,1373.0,21926.0
2.12,6,295.0,510.0,190.0,9.15,7.84,179.0,1157.0,4637.0,1590.0,1225.0,12189.0
3.37,6,221.0,483.0,268.0,7.82,7.56,177.0,1518.0,4390.0,1733.0,1621.0,40762.0
2.55,12,353.0,542.0,258.0,4.96,5.71,209.0,1012.0,4231.0,1714.0,1201.0,35008.0
1.64,12,216.0,304.0,230.0,7.92,9.52,228.0,1525.0,4672.0,1745.0,1602.0,39544.0
1.93,4,170.0,350.0,159.0,9.63,8.83,227.0,1376.0,4948.0,1856.0,1578.0,33432.0
3.04,4,114.0,168.0,212.0,6.75,9.65,234.0,1951.0,4717.0,1789.0,1535.0,14086.0
1.92,12,94.0,468.0,232.0,10.2,7.19,148.0,1923.0,4777.0,1792.0,1296.0,42703.0
2.67,3,109.0,203.0,227.0,10.09,9.01,165.0,1736.0,4344.0,1931.0,1451.0,63833.0
2.54,6,239.0,342.0,146.0,10.83,6.39,218.0,1402.0,4021.0,1730.0,1208.0,41138.0
1.98,10,256.0,210.0,184.0,8.11,12.63,154.0,2096.0,4947.0,1986.0,1537.0,28611.0
4.22,4,109.0,261.0,217.0,8.67,5.47,180.0,1034.0,5116.0,1733.0,1389.0,13579.0
3.01,4,283.0,236.0,241.0,10.33,12.76,200.0,1079.0,4963.0,1809.0,1339.0,21379.0
0.88,12,186.0,259.0,132.0,8.39,7.59,219.0,1475.0,4399.0,1772.0,1216.0,41796.0
2.65,8,230.0,266.0,214.0,6.5,4.06,91.0,2176.0,4154.0,1812.0,1028.0,51097.0
1.97,10,333.0,265.0,226.0,6.6,10.92,216.0,1439.0,4180.0,1844.0,1244.0,38913.0
3.18,10,283.0,403.0,254.0,7.98,7.81,168.0,1445.0,3995.0,1843.0,1567.0,46998.0
1.87,4,201.0,210.0,248.0,4.92,9.63,215.0,1067.0,4468.0,1725.0,1340.0,45615.0
2.41,3,158.0,342.0,243.0,7.21,10.56,219.0,1784.0,4982.0,1688.0,1375.0,42598.0
2.9,8,69.0,442.0,188.0,9.69,8.34,260.0,1786.0,4458.0,2050.0,1498.0,25123.0
3.19,10,170.0,269.0,144.0,3.12,6.02,248.0,1737.0,4591.0,1752.0,1671.0,37609.0
1.54,4,205.0,248.0,204.0,10.57,9.94,247.0,1311.0,4913.0,1870.0,1599.0,22274.0
2.23,10,151.0,297.0,260.0,9.74,7.5,252.0,1288.0,4379.0,1639.0,1254.0,35261.0
2.12,8,211.0,438.0,276.0,6.58,9.21,195.0,1112.0,5111.0,1772.0,1109.0,39963.0
1.98,8,225.0,339.0,248.0,8.59,2.12,182.0,1525.0,5098.0,1787.0,1754.0,60182.0
3.91,6,204.0,267.0,237.0,7.51,8.62,224.0,1176.0,4461.0,1847.0,1740.0,15354.0
2.82,12,174.0,368.0,235.0,9.96,5.9,217.0,1147.0,4327.0,1528.0,1428.0,42223.0
1.49,12,232.0,210.0,198.0,9.47,11.63,165.0,1373.0,4709.0,1817.0,1209.0,57219.0
3.23,4,251.0,388.0,215.0,4.7,9.06,200.0,1353.0,4396.0,1685.0,1544.0,46383.0
4.2,8,144.0,361.0,287.0,8.67,8.1,178.0,1339.0,4153.0,1832.0,1384.0,47494.0
3.33,6,319.0,289.0,182.0,7.09,8.72,137.0,1640.0,4884.0,1696.0,1383.0,43815.0
1.28,6,213.0,236.0,285.0,7.67,5.0,245.0,1524.0,4865.0,1714.0,1534.0,54475.0
2.11,10,221.0,231.0,207.0,6.04,11.56,183.0,1414.0,4547.0,1773.0,1450.0,18688.0
3.51,10,270.0,373.0,273.0,11.0,12.48,282.0,1555.0,4121.0,1695.0,1222.0,14211.0
1.93,6,236.0,443.0,164.0,9.58,8.48,99.0,1203.0,4131.0,1752.0,1351.0,34905.0
2.86,10,287.0,256.0,243.0,6.02,11.48,152.0,1532.0,4532.0,1681.0,1499.0,2583.0
3.12,8,240.0,366.0,191.0,4.83,6.08,182.0,1545.0,4350.0,1617.0,1477.0,53460.0
1.76,3,177.0,111.0,163.0,6.73,5.51,237.0,1049.0,4398.0,1902.0,1439.0,53311.0
2.45,8,245.0,262.0,229.0,8.37,7.6,200.0,1799.0,4807.0,1670.0,1540.0,28500.0
-0.09,6,140.0,317.0,260.0,7.98,8.59,196.0,1236.0,4720.0,1782.0,1346.0,29438.0
1.68,6,228.0,229.0,186.0,10.01,6.52,124.0,1527.0,4913.0,1875.0,1427.0,33915.0
2.3,8,218.0,226.0,160.0,9.08,8.84,122.0,1849.0,4203.0,1739.0,894.0,35780.0
1.5,10,205.0,253.0,216.0,9.44,8.27,196.0,1778.0,4397.0,1717.0,1333.0,36908.0
3.81,10,211.0,349.0,217.0,8.15,5.0,112.0,1510.0,4728.0,1823.0,1515.0,43373.0
1.36,12,88.0,301.0,242.0,4.72,8.8,153.0,1391.0,4634.0,1912.0,1341.0,32411.0
2.15,6,182.0,96.0,258.0,7.11,9.66,205.0,1784.0,4960.0,1683.0,1330.0,49148.0
2.6,4,226.0,108.0,218.0,9.62,7.93,131.0,1702.0,4626.0,1785.0,1244.0,41689.0
3.65,12,231.0,259.0,294.0,7.4,10.38,260.0,1314.0,5054.0,1627.0,1551.0,25896.0
1.35,10,148.0,366.0,229.0,8.51,4.46,241.0,1262.0,4662.0,1761.0,1482.0,55027.0
3.43,8,309.0,45.0,206.0,6.86,8.67,101.0,878.0,4819.0,1803.0,1524.0,14626.0
2.51,10,159.0,270.0,156.0,5.44,4.57,133.0,1546.0,4403.0,1715.0,1141.0,33618.0
1.71,8,288.0,267.0,209.0,7.25,4.71,66.0,1475.0,4504.0,1754.0,1376.0,49504.0
2.87,12,250.0,459.0,207.0,8.12,5.92,141.0,1841.0,4773.0,1659.0,1358.0,24154.0
2.66,6,175.0,281.0,258.0,6.19,5.14,218.0,1608.0,4984.0,1808.0,1358.0,39643.0
2.02,10,344.0,358.0,238.0,7.03,6.13,159.0,1900.0,4719.0,1906.0,1308.0,43150.0
2.56,8,136.0,334.0,173.0,5.62,6.96,203.0,1291.0,4475.0,1690.0,1348.0,22092.0
2.19,6,284.0,107.0,227.0,9.74,9.59,104.0,1841.0,4913.0,1738.0,1527.0,33913.0
2.59,4,290.0,397.0,247.0,6.91,6.7,220.0,1341.0,3842.0,1850.0,1113.0,32652.0
3.03,8,173.0,342.0,281.0,10.41,3.54,152.0,1733.0,4073.0,1921.0,1667.0,26724.0
3.77,12,317.0,371.0,256.0,10.56,10.35,181.0,1062.0,4704.0,1651.0,1473.0,69525.0
1.51,4,202.0,713.0,250.0,7.34,5.41,175.0,1571.0,4504.0,1783.0,1394.0,23553.0
4.21,4,240.0,112.0,222.0,5.48,7.35,116.0,905.0,4682.0,1828.0,1536.0,50074.0
0.94,3,238.0,492.0,236.0,3.33,8.62,122.0,1420.0,4519.0,1790.0,1182.0,29108.0
2.38,10,211.0,291.0,270.0,4.56,8.0,228.0,1632.0,4671.0,1552.0,1300.0,18700.0
2.97,8,277.0,349.0,167.0,4.75,10.24,200.0,1344.0,4256.0,1850.0,1382.0,36542.0
2.72,4,276.0,315.0,206.0,10.26,8.7,233.0,1185.0,4671.0,1952.0,1605.0,44736.0
2.0,3,98.0,278.0,189.0,7.73,5.35,196.0,1754.0,4798.0,1812.0,1393.0,48808.0
2.33,12,311.0,263.0,235.0,8.28,12.95,187.0,1469.0,4866.0,1697.0,1468.0,58434.0
2.11,6,104.0,353.0,269.0,3.06,7.99,94.0,1353.0,5104.0,1749.0,1312.0,79179.0
2.03,8,292.0,168.0,196.0,5.1,7.13,166.0,1513.0,4573.0,1977.0,1473.0,38758.0
3.18,4,299.0,395.0,124.0,9.27,9.91,179.0,2291.0,4582.0,1891.0,1652.0,25054.0
2.79,10,144.0,278.0,204.0,8.07,8.12,278.0,1846.0,4043.0,1864.0,1549.0,41793.0
1.95,3,191.0,207.0,257.0,7.21,8.5,214.0,1849.0,4341.0,1836.0,1388.0,31007.0
3.22,4,143.0,275.0,242.0,8.63,13.73,257.0,1631.0,4442.0,1734.0,1501.0,48889.0
2.75,10,205.0,446.0,237.0,10.77,6.81,210.0,1550.0,4815.0,1780.0,1487.0,15543.0
3.15,4,198.0,266.0,209.0,7.06,6.71,144.0,781.0,4317.0,1792.0,1476.0,70525.0
3.0,8,275.0,356.0,169.0,7.64,7.79,186.0,1296.0,4739.0,1855.0,1567.0,47841.0
1.84,8,312.0,247.0,241.0,7.89,10.18,192.0,1356.0,4500.0,1951.0,1566.0,9740.0
2.05,8,318.0,396.0,187.0,12.28,3.73,133.0,938.0,4447.0,1912.0,1381.0,24365.0
3.1,12,181.0,389.0,307.0,3.3,2.59,161.0,1153.0,4575.0,1658.0,1496.0,47241.0
2.99,12,205.0,505.0,243.0,8.87,6.03,170.0,906.0,4383.0,1822.0,1343.0,52645.0
2.48,3,102.0,302.0,197.0,7.27,3.42,260.0,1489.0,4371.0,1874.0,1262.0,15916.0
2.59,8,164.0,387.0,196.0,8.63,6.44,76.0,1746.0,3989.0,1862.0,1360.0,45695.0
3.52,10,288.0,330.0,216.0,6.19,8.76,240.0,1832.0,4426.0,1737.0,1389.0,5790.0
2.03,4,333.0,450.0,210.0,7.4,5.27,133.0,1624.0,4356.0,2091.0,1151.0,33660.0
2.94,6,134.0,248.0,265.0,8.92,3.93,111.0,1211.0,4345.0,1672.0,1529.0,51681.0
2.34,10,179.0,395.0,227.0,13.73,7.67,239.0,920.0,4625.0,1692.0,985.0,26727.0
2.33,12,218.0,301.0,191.0,9.12,9.66,217.0,973.0,4698.0,1823.0,1807.0,12396.0
3.38,12,240.0,314.0,296.0,5.8,3.26,243.0,1119.0,4570.0,2012.0,1625.0,37193.0
3.16,10,163.0,329.0,222.0,6.65,9.55,220.0,1233.0,4799.0,1716.0,1361.0,25929.0
3.15,12,250.0,345.0,251.0,6.59,9.54,283.0,1452.0,4673.0,1773.0,1401.0,44443.0
3.54,8,187.0,308.0,196.0,3.91,9.89,208.0,1196.0,4411.0,1908.0,1445.0,21720.0
2.52,3,219.0,341.0,235.0,6.84,10.55,172.0,1602.0,4361.0,1798.0,1312.0,23410.0
3.05,4,258.0,478.0,232.0,8.97,13.01,197.0,1430.0,4594.0,1767.0,1429.0,4685.0
2.25,3,220.0,419.0,144.0,4.95,6.61,242.0,1503.0,4672.0,1857.0,1378.0,37549.0
2.76,4,189.0,407.0,301.0,9.6,7.77,141.0,1842.0,4919.0,1827.0,1386.0,32586.0
2.4,4,212.0,274.0,272.0,8.48,6.46,147.0,1146.0,4857.0,1903.0,1427.0,17174.0
2.58,3,214.0,231.0,204.0,6.03,7.5,165.0,1626.0,4338.0,1929.0,1203.0,37907.0
2.98,10,194.0,416.0,176.0,7.22,11.33,75.0,1496.0,4469.0,1831.0,1406.0,50406.0
1.85,4,202.0,408.0,234.0,10.7,4.14,187.0,1400.0,4701.0,1829.0,1425.0,31766.0
4.17,3,332.0,467.0,223.0,8.97,5.35,86.0,1766.0,4820.0,1821.0,1419.0,39023.0
1.7,4,259.0,260.0,234.0,7.52,10.94,183.0,1764.0,4782.0,1849.0,1368.0,39100.0
1.53,6,199.0,297.0,228.0,7.02,10.05,223.0,1216.0,4481.0,1806.0,1571.0,16935.0
3.43,10,269.0,156.0,240.0,7.65,6.59,156.0,1445.0,4124.0,1800.0,1347.0,65849.0
3.13,8,197.0,281.0,278.0,6.48,9.64,264.0,1584.0,4200.0,1920.0,1434.0,27937.0
3.0,4,302.0,420.0,243.0,3.29,8.35,107.0,1418.0,4582.0,1952.0,1595.0,44842.0
3.0,6,246.0,273.0,178.0,11.58,11.25,240.0,1676.0,4603.0,1649.0,1388.0,46538.0
2.49,8,212.0,384.0,275.0,7.81,7.69,214.0,1584.0,4170.0,1801.0,1432.0,32906.0
1.78,8,251.0,301.0,286.0,8.3,10.06,94.0,2050.0,4513.0,1731.0,1386.0,44102.0
2.56,4,110.0,352.0,346.0,7.38,14.11,316.0,1041.0,4689.0,1769.0,1586.0,38687.0
1.96,3,141.0,205.0,175.0,6.03,9.0,177.0,1463.0,4155.0,1840.0,1361.0,13735.0
3.28,4,136.0,329.0,230.0,7.13,7.62,136.0,1227.0,4831.0,1867.0,1593.0,30016.0
2.38,6,230.0,21.0,137.0,4.3,9.31,110.0,1681.0,4387.0,1789.0,1384.0,25812.0
1.84,8,341.0,301.0,242.0,12.05,6.59,169.0,1015.0,4877.0,1609.0,1271.0,28074.0
2.24,4,376.0,157.0,198.0,5.03,13.47,174.0,1604.0,4340.0,1703.0,1502.0,15440.0
2.83,3,265.0,441.0,297.0,5.44,7.95,185.0,1311.0,4192.0,1890.0,1354.0,51897.0
2.05,4,255.0,398.0,189.0,6.62,6.82,165.0,1280.0,4363.0,1526.0,1493.0,59030.0
1.84,10,94.0,367.0,152.0,10.08,5.41,212.0,1066.0,4471.0,1919.0,991.0,49670.0
2.69,3,182.0,472.0,201.0,7.53,10.24,161.0,1360.0,4383.0,1852.0,1401.0,54058.0
2.7,6,165.0,225.0,141.0,5.03,9.67,83.0,1825.0,4435.0,1932.0,1331.0,29830.0
2.09,8,177.0,495.0,250.0,10.01,6.26,173.0,1492.0,4600.0,1780.0,1241.0,25456.0
2.12,4,208.0,413.0,137.0,8.96,8.94,62.0,1688.0,4449.0,1594.0,1317.0,23321.0
2.69,3,187.0,296.0,221.0,8.58,3.73,198.0,1999.0,4480.0,1843.0,1314.0,44661.0
1.34,10,81.0,434.0,137.0,8.93,7.96,131.0,1579.0,3987.0,1927.0,1393.0,38406.0
1.37,3,272.0,209.0,207.0,12.29,8.63,188.0,1332.0,4618.0,1892.0,1195.0,33842.0
1.93,12,145.0,238.0,286.0,11.87,11.77,246.0,1640.0,4473.0,1734.0,1447.0,54427.0
2.33,10,237.0,259.0,234.0,6.13,5.57,133.0,1337.0,4983.0,1809.0,1605.0,41074.0
2.75,6,365.0,267.0,185.0,10.75,4.3,233.0,1349.0,4218.0,1747.0,1442.0,22420.0
3.68,8,156.0,214.0,219.0,8.27,5.26,158.0,1044.0,3958.0,1718.0,1521.0,24786.0
3.19,6,43.0,442.0,221.0,8.5,4.16,268.0,1778.0,4685.0,1896.0,1564.0,45230.0
2.37,4,200.0,294.0,239.0,4.12,10.84,162.0,1384.0,4604.0,1680.0,1585.0,50626.0
2.48,3,297.0,355.0,165.0,7.16,11.37,138.0,1555.0,4197.0,1711.0,1681.0,43275.0
1.7,12,357.0,263.0,244.0,5.87,8.3,214.0,1189.0,4041.0,1690.0,1325.0,63453.0
2.49,10,134.0,138.0,112.0,9.16,10.55,158.0,1631.0,4961.0,1651.0,1292.0,59525.0
2.27,10,255.0,347.0,195.0,9.64,7.83,138.0,1271.0,4924.0,1815.0,1518.0,41616.0
2.76,3,187.0,129.0,200.0,3.35,7.26,156.0,1457.0,3754.0,1916.0,1506.0,22421.0
1.84,12,213.0,313.0,245.0,7.46,6.67,178.0,1763.0,4363.0,1782.0,1516.0,15350.0
2.92,3,405.0,183.0,221.0,9.74,6.72,247.0,1737.0,4999.0,1649.0,1683.0,29189.0
3.73,4,115.0,519.0,164.0,7.13,3.63,83.0,1493.0,4357.0,1884.0,1402.0,46298.0
2.41,6,238.0,411.0,181.0,8.96,8.16,181.0,970.0,4353.0,1969.0,1464.0,62400.0
2.82,10,253.0,331.0,228.0,8.2,7.4,211.0,2398.0,4415.0,1735.0,1253.0,41262.0
3.05,4,296.0,446.0,217.0,8.18,9.36,190.0,2024.0,4164.0,1752.0,1720.0,52531.0
2.18,6,227.0,235.0,197.0,6.96,7.73,245.0,1717.0,3989.0,1852.0,1350.0,31320.0
2.68,4,242.0,374.0,201.0,5.07,7.09,176.0,1274.0,4816.0,1962.0,1354.0,44342.0
2.51,12,193.0,340.0,248.0,5.26,5.32,171.0,1466.0,3947.0,1748.0,1348.0,47350.0
2.58,10,239.0,346.0,199.0,8.92,7.68,210.0,1337.0,4574.0,1667.0,1303.0,5306.0
1.88,3,196.0,447.0,216.0,7.54,9.35,185.0,1879.0,4766.0,1863.0,1291.0,28798.0
2.52,3,264.0,393.0,307.0,7.22,4.64,160.0,1579.0,4065.0,1880.0,1321.0,49246.0
2.9,6,194.0,349.0,163.0,6.65,7.72,206.0,1265.0,4223.0,1801.0,1195.0,39117.0
3.66,8,246.0,155.0,146.0,6.89,8.08,147.0,1359.0,4864.0,1744.0,1282.0,17052.0
3.27,12,218.0,224.0,251.0,9.59,5.7,149.0,1836.0,4660.0,1899.0,1692.0,-1452.0
4.22,6,299.0,308.0,193.0,6.83,6.03,154.0,1980.0,4315.0,1853.0,1510.0,29513.0
1.89,8,216.0,329.0,207.0,4.82,8.08,248.0,1958.0,4861.0,1723.0,1539.0,33926.0
3.2,4,96.0,207.0,189.0,8.99,4.67,19.0,1727.0,4862.0,1805.0,1577.0,21741.0
2.65,12,308.0,561.0,210.0,7.09,8.37,200.0,1424.0,4581.0,1665.0,1675.0,37146.0
4.25,4,157.0,472.0,284.0,7.56,5.26,182.0,528.0,4230.0,1869.0,1134.0,42596.0
1.85,10,174.0,380.0,252.0,10.72,10.16,96.0,1589.0,4376.0,1774.0,1216.0,45060.0
1.83,12,178.0,327.0,254.0,7.46,13.34,195.0,1499.0,4586.0,1756.0,1279.0,-339.0
2.02,8,316.0,299.0,163.0,8.08,5.35,204.0,1542.0,4443.0,1797.0,1330.0,15286.0
0.8,10,71.0,225.0,174.0,5.14,8.84,209.0,1516.0,4782.0,1804.0,1355.0,30431.0
2.08,3,440.0,328.0,106.0,7.06,5.68,47.0,1102.0,4041.0,1889.0,1333.0,43583.0
1.89,8,294.0,346.0,188.0,8.72,10.1,248.0,1667.0,4052.0,1859.0,1433.0,42339.0
2.62,6,236.0,196.0,258.0,4.39,4.34,143.0,1690.0,4554.0,1784.0,1405.0,42078.0
2.77,3,216.0,353.0,241.0,7.9,8.7,214.0,1705.0,4353.0,1876.0,1292.0,29249.0
4.0,3,240.0,304.0,211.0,7.7,5.32,217.0,1784.0,4312.0,1840.0,1074.0,30085.0
3.26,6,256.0,129.0,219.0,7.58,6.98,136.0,1681.0,3970.0,1757.0,1251.0,24075.0
2.04,12,265.0,234.0,192.0,9.57,4.92,213.0,1377.0,4506.0,1788.0,1318.0,46523.0
1.78,3,259.0,279.0,228.0,8.17,9.56,161.0,1479.0,4484.0,1785.0,1363.0,21193.0
2.89,8,226.0,509.0,251.0,10.46,5.41,76.0,1527.0,4696.0,1851.0,1231.0,47751.0
1.44,10,206.0,376.0,155.0,5.51,8.88,238.0,1532.0,4521.0,1763.0,1326.0,38118.0
3.97,3,209.0,186.0,232.0,7.77,6.64,141.0,1799.0,4460.0,1761.0,1230.0,34324.0
3.44,8,206.0,369.0,257.0,7.67,7.21,137.0,1693.0,4853.0,1997.0,1381.0,25149.0
2.12,4,299.0,165.0,203.0,5.36,7.87,160.0,2123.0,4106.0,1894.0,1239.0,14667.0
1.13,8,262.0,428.0,248.0,9.41,5.6,194.0,2162.0,4661.0,1724.0,1273.0,25285.0
3.58,10,14.0,273.0,333.0,12.15,8.03,177.0,1524.0,3999.0,1857.0,1204.0,30050.0
2.41,8,266.0,311.0,216.0,7.47,11.33,207.0,349.0,4248.0,1812.0,1377.0,-535.0
3.49,6,234.0,453.0,236.0,8.51,5.55,113.0,1871.0,4136.0,1839.0,1270.0,32040.0
1.22,10,219.0,191.0,190.0,7.67,10.43,143.0,1338.0,4735.0,1814.0,1536.0,48865.0
2.02,12,193.0,180.0,227.0,6.07,11.25,174.0,1260.0,4480.0,1919.0,1461.0,43508.0
2.5,4,299.0,262.0,238.0,3.86,5.46,275.0,1380.0,4496.0,1835.0,1390.0,27557.0
2.54,6,286.0,424.0,228.0,6.09,3.86,174.0,1366.0,4168.0,1794.0,1280.0,35704.0
2.14,12,166.0,168.0,179.0,4.72,8.25,234.0,1684.0,4410.0,1904.0,1457.0,26658.0
3.0,8,248.0,37.0,228.0,10.91,6.13,182.0,1032.0,4271.0,1823.0,1504.0,37231.0
1.65,10,152.0,275.0,278.0,7.27,12.17,156.0,1177.0,4615.0,1812.0,1421.0,58102.0
2.39,4,123.0,375.0,238.0,6.81,7.59,168.0,1603.0,4203.0,1831.0,1641.0,49527.0
2.6,6,176.0,440.0,258.0,9.28,5.49,172.0,1687.0,4899.0,1791.0,1469.0,42812.0
2.91,12,280.0,274.0,211.0,5.26,4.63,210.0,1692.0,3997.0,1801.0,1537.0,27607.0
3.07,12,287.0,279.0,250.0,5.97,10.22,249.0,1264.0,4258.0,1741.0,1420.0,46249.0
1.6,4,256.0,435.0,231.0,7.64,6.07,198.0,1207.0,5003.0,1725.0,1501.0,9697.0
1.27,8,271.0,133.0,182.0,9.56,7.61,239.0,1348.0,4369.0,1700.0,1280.0,31215.0
3.52,4,256.0,281.0,233.0,8.5,9.89,132.0,1572.0,4106.0,1661.0,1331.0,43756.0
2.77,12,175.0,339.0,180.0,8.0,-6.29,159.0,1946.0,4566.0,1712.0,1452.0,46106.0
1.9,3,250.0,365.0,195.0,7.66,7.39,144.0,886.0,4357.0,1783.0,1451.0,45048.0
3.74,6,276.0,269.0,228.0,8.3,7.46,196.0,1434.0,4249.0,1810.0,1476.0,39422.0
2.59,4,273.0,323.0,232.0,7.9,9.21,162.0,1100.0,4171.0,1773.0,1565.0,32064.0
3.44,12,303.0,71.0,172.0,5.44,8.98,216.0,1004.0,5331.0,1564.0,1186.0,43070.0
2.55,8,270.0,254.0,262.0,7.59,6.95,133.0,1790.0,4425.0,1957.0,1254.0,20707.0
4.15,12,245.0,365.0,243.0,5.35,7.66,182.0,1663.0,3922.0,1909.0,1434.0,22330.0
3.9,8,295.0,222.0,192.0,7.66,6.57,214.0,1635.0,4948.0,1845.0,1291.0,35926.0
2.3,4,218.0,326.0,158.0,6.54,3.81,77.0,1776.0,4683.0,1991.0,1907.0,37598.0
3.28,8,158.0,365.0,214.0,12.58,8.14,286.0,1356.0,4270.0,1702.0,1477.0,7616.0
3.02,10,209.0,286.0,202.0,7.42,12.23,166.0,1370.0,4220.0,1989.0,1388.0,41827.0
3.59,10,168.0,337.0,225.0,4.69,5.29,79.0,2156.0,4702.0,1703.0,1323.0,46591.0
1.73,10,173.0,224.0,205.0,7.23,5.57,188.0,1426.0,4426.0,1824.0,1328.0,33841.0
3.05,3,210.0,299.0,140.0,8.54,5.32,182.0,1721.0,3922.0,1673.0,1405.0,70617.0
3.35,4,165.0,381.0,204.0,10.85,9.31,176.0,1502.0,5036.0,1801.0,1417.0,24756.0
1.09,12,198.0,336.0,208.0,6.32,8.62,230.0,946.0,4370.0,1839.0,1331.0,29584.0
1.55,12,87.0,261.0,245.0,4.34,7.1,217.0,887.0,4949.0,1785.0,1359.0,29074.0
0.87,3,235.0,342.0,192.0,9.13,5.2,195.0,1326.0,4884.0,1871.0,1602.0,33857.0
2.28,8,220.0,391.0,287.0,4.74,7.73,203.0,1817.0,4200.0,1810.0,1608.0,30069.0
3.07,3,163.0,115.0,144.0,6.63,3.59,175.0,1736.0,4810.0,1748.0,1438.0,13898.0
3.7,8,266.0,436.0,272.0,6.98,7.86,269.0,1774.0,4305.0,1743.0,1199.0,26802.0
2.56,8,286.0,286.0,211.0,7.36,9.68,106.0,1204.0,3940.0,1881.0,1481.0,33536.0
3.8,6,107.0,363.0,254.0,8.88,4.37,187.0,1985.0,4373.0,1735.0,1633.0,53429.0
1.4,12,167.0,440.0,223.0,6.13,3.67,183.0,1211.0,4619.0,1892.0,1605.0,68034.0
1.14,10,166.0,183.0,266.0,6.95,11.45,221.0,1564.0,4361.0,1922.0,1510.0,55032.0
2.46,8,154.0,249.0,205.0,7.47,5.97,138.0,1497.0,4408.0,1633.0,1613.0,23369.0
2.81,6,278.0,291.0,176.0,7.8,10.34,93.0,1448.0,4843.0,1913.0,1408.0,24563.0
2.47,12,206.0,242.0,277.0,7.7,7.12,188.0,1902.0,4532.0,2006.0,1494.0,32610.0
0.85,10,201.0,493.0,215.0,8.37,7.1,194.0,1288.0,4247.0,1825.0,1298.0,61768.0
2.43,8,80.0,234.0,229.0,9.19,8.6,254.0,1095.0,4711.0,1860.0,1444.0,32519.0
1.46,8,264.0,264.0,269.0,8.29,5.29,116.0,1506.0,4559.0,1904.0,1599.0,15087.0
3.04,3,133.0,340.0,179.0,8.41,7.83,238.0,1380.0,3744.0,1772.0,1312.0,27482.0
2.79,3,224.0,200.0,244.0,4.34,6.55,298.0,2513.0,4629.0,1818.0,1271.0,46356.0
1.75,12,239.0,280.0,196.0,7.6,4.2,161.0,1703.0,4618.0,1669.0,1415.0,45349.0
2.09,10,315.0,352.0,215.0,8.46,8.34,115.0,1377.0,4506.0,1814.0,1366.0,31997.0
1.65,8,128.0,287.0,223.0,8.96,6.84,160.0,1183.0,4768.0,1850.0,1497.0,45251.0
2.45,12,9.0,311.0,160.0,6.12,7.11,181.0,936.0,4298.0,1852.0,1332.0,902.0
3.26,12,233.0,267.0,189.0,6.18,4.47,208.0,1192.0,4601.0,1907.0,1658.0,36557.0
1.71,4,346.0,169.0,274.0,6.35,11.48,150.0,1534.0,4030.0,1723.0,1207.0,47910.0
2.9,3,307.0,352.0,255.0,8.57,9.69,258.0,1928.0,4622.0,1747.0,1588.0,22507.0
2.08,10,235.0,495.0,217.0,9.57,9.91,124.0,1837.0,5086.0,1990.0,1285.0,22455.0
1.87,8,186.0,322.0,230.0,6.69,6.74,93.0,1569.0,4202.0,1785.0,1131.0,7003.0
2.41,12,276.0,343.0,208.0,9.32,3.18,235.0,1403.0,4272.0,1820.0,1436.0,58848.0
1.67,8,152.0,389.0,274.0,7.75,12.38,66.0,1581.0,4287.0,1793.0,1362.0,24198.0
2.06,4,253.0,193.0,212.0,7.25,7.35,170.0,1344.0,4539.0,1718.0,1234.0,38616.0
1.54,10,255.0,490.0,229.0,7.08,5.63,336.0,2016.0,4181.0,1962.0,1148.0,44059.0
4.07,12,294.0,340.0,266.0,8.99,8.54,179.0,1443.0,4626.0,1747.0,1399.0,57681.0
2.53,8,413.0,483.0,189.0,8.15,10.42,124.0,1474.0,4754.0,1687.0,1546.0,32692.0
1.94,3,247.0,247.0,282.0,12.05,7.44,177.0,835.0,4660.0,1755.0,1488.0,26909.0
2.67,4,184.0,502.0,159.0,5.8,10.7,177.0,1441.0,3969.0,1600.0,1409.0,37596.0
2.41,10,218.0,398.0,285.0,8.54,10.21,188.0,1751.0,4799.0,1735.0,1472.0,54261.0
2.32,4,96.0,375.0,205.0,6.44,4.81,213.0,1180.0,4781.0,1703.0,1396.0,32447.0
2.99,3,171.0,343.0,210.0,5.76,5.82,128.0,1275.0,4749.0,1862.0,1186.0,20677.0
3.11,10,191.0,295.0,144.0,7.48,9.89,264.0,1738.0,4612.0,1733.0,1187.0,11889.0
2.08,4,183.0,440.0,202.0,7.77,0.72,192.0,1057.0,4566.0,1889.0,1370.0,16681.0
2.04,6,231.0,334.0,178.0,13.34,7.13,216.0,1817.0,4810.0,1940.0,1376.0,47966.0
2.28,3,162.0,123.0,196.0,7.13,3.92,149.0,1340.0,5077.0,1878.0,1528.0,30191.0
0.66,3,298.0,208.0,215.0,5.24,6.31,244.0,1383.0,4214.0,1778.0,1514.0,25887.0
1.29,3,220.0,301.0,258.0,8.05,6.75,167.0,1163.0,4823.0,1814.0,1491.0,24260.0
3.59,6,219.0,351.0,228.0,3.35,6.6,194.0,1613.0,4474.0,1648.0,1358.0,36276.0
3.82,6,197.0,314.0,232.0,7.32,6.12,133.0,2238.0,4461.0,1787.0,1193.0,31408.0
2.3,8,231.0,442.0,176.0,7.53,4.76,130.0,1734.0,4039.0,1714.0,1462.0,30903.0
2.96,12,278.0,125.0,185.0,9.09,13.23,214.0,1241.0,4415.0,1869.0,1479.0,55240.0
2.75,4,159.0,334.0,292.0,9.45,12.17,158.0,1841.0,4201.0,2057.0,1042.0,58070.0
4.96,8,174.0,138.0,191.0,6.49,4.59,137.0,1405.0,4361.0,1850.0,1275.0,10850.0
3.4,4,199.0,396.0,286.0,7.2,11.46,148.0,1912.0,4171.0,1601.0,1296.0,39914.0
2.4,12,126.0,311.0,210.0,5.97,6.5,215.0,1742.0,4365.0,1764.0,1418.0,23347.0
1.74,6,163.0,362.0,220.0,5.24,7.82,149.0,617.0,4378.0,1812.0,1279.0,31276.0
1.21,12,187.0,234.0,263.0,8.12,7.34,174.0,1199.0,4529.0,1809.0,1394.0,39639.0
2.66,6,281.0,448.0,271.0,4.95,5.85,181.0,1783.0,4016.0,1727.0,1368.0,31809.0
1.89,12,238.0,424.0,216.0,6.67,9.96,84.0,1545.0,4066.0,1825.0,1376.0,38457.0
1.36,8,234.0,378.0,204.0,5.51,7.81,106.0,1193.0,4609.0,1676.0,1293.0,45095.0
1.98,10,280.0,307.0,218.0,8.6,6.31,197.0,1310.0,4261.0,1706.0,1304.0,39419.0
1.63,8,210.0,378.0,234.0,11.1,4.24,143.0,928.0,4822.0,1865.0,1238.0,25297.0
3.85,4,247.0,249.0,256.0,4.9,5.27,233.0,1473.0,4568.0,1698.0,1457.0,25562.0
3.21,8,213.0,406.0,220.0,3.79,3.4,228.0,2163.0,4682.0,1854.0,1486.0,13404.0
2.49,3,239.0,485.0,245.0,7.25,7.53,216.0,1741.0,4923.0,1663.0,1284.0,22191.0
3.68,4,179.0,427.0,286.0,7.53,4.51,271.0,2157.0,4407.0,1976.0,1628.0,64431.0
2.56,12,49.0,247.0,235.0,7.94,6.84,176.0,1765.0,4328.0,1723.0,1353.0,23120.0
1.81,4,211.0,356.0,232.0,6.61,10.93,212.0,1808.0,4762.0,1778.0,1630.0,17099.0
3.72,10,320.0,191.0,159.0,7.1,10.5,151.0,2092.0,4653.0,1833.0,1304.0,39799.0
2.93,6,285.0,377.0,115.0,8.24,7.42,303.0,1613.0,4444.0,1743.0,1096.0,33345.0
1.67,12,288.0,365.0,236.0,9.58,7.28,279.0,1444.0,4917.0,1814.0,1460.0,32066.0
2.35,4,307.0,133.0,216.0,3.59,12.2,181.0,1810.0,4436.0,1858.0,1437.0,56136.0
1.8,12,226.0,204.0,199.0,6.76,8.8,199.0,1936.0,4510.0,1896.0,1405.0,43237.0
1.39,12,234.0,292.0,230.0,7.93,6.68,248.0,1356.0,4506.0,1879.0,1304.0,27050.0
3.24,12,177.0,290.0,218.0,5.66,3.93,173.0,1284.0,4220.0,1783.0,1395.0,28633.0
4.03,6,198.0,199.0,265.0,10.96,8.48,147.0,1542.0,4523.0,1785.0,1323.0,27461.0
1.38,8,263.0,359.0,223.0,6.23,9.57,224.0,1749.0,4919.0,2035.0,1355.0,48121.0
2.95,12,304.0,345.0,190.0,7.42,5.92,184.0,1739.0,4633.0,1895.0,1526.0,30378.0
1.98,3,210.0,301.0,260.0,8.61,8.23,189.0,1073.0,4509.0,1708.0,1428.0,8103.0
2.11,10,188.0,244.0,211.0,6.32,6.59,138.0,2073.0,4451.0,1810.0,1491.0,34275.0
2.03,6,220.0,425.0,241.0,3.81,7.04,94.0,1308.0,4599.0,1766.0,1365.0,11945.0
1.81,4,262.0,486.0,201.0,6.64,1.28,192.0,1420.0,4725.0,1786.0,1349.0,67763.0
2.54,6,119.0,272.0,194.0,9.56,6.95,225.0,1229.0,4683.0,1677.0,1227.0,20515.0
1.84,4,59.0,259.0,223.0,6.83,9.92,169.0,2309.0,4400.0,1759.0,1344.0,32572.0
2.72,6,181.0,369.0,221.0,5.81,5.92,252.0,1573.0,4597.0,1981.0,902.0,38873.0
2.46,4,135.0,284.0,239.0,9.35,7.63,145.0,1245.0,4644.0,1858.0,1311.0,30670.0
2.31,12,184.0,306.0,209.0,6.84,5.61,127.0,1759.0,4198.0,1551.0,1388.0,30650.0
1.77,8,210.0,394.0,147.0,6.48,8.4,177.0,1731.0,4550.0,1922.0,1485.0,41327.0
2.04,4,188.0,129.0,203.0,7.8,6.96,176.0,1444.0,3852.0,1909.0,1360.0,57893.0
3.1,4,322.0,452.0,252.0,9.04,5.15,218.0,1752.0,4645.0,1764.0,1452.0,46513.0
2.9,3,243.0,327.0,208.0,12.26,10.83,141.0,1252.0,4698.0,1872.0,1073.0,57178.0
1.72,4,241.0,279.0,210.0,9.15,9.82,248.0,1352.0,4724.0,1714.0,1391.0,19301.0
2.58,3,264.0,311.0,259.0,9.82,5.99,278.0,897.0,4381.0,1753.0,1148.0,39760.0
3.1,10,140.0,316.0,192.0,6.49,8.74,178.0,1103.0,4593.0,1950.0,1219.0,37329.0
1.16,12,293.0,147.0,158.0,5.45,8.84,242.0,2042.0,4927.0,1773.0,1372.0,40266.0
2.93,3,215.0,469.0,214.0,7.62,9.11,127.0,1992.0,4924.0,1613.0,1591.0,55643.0
1.97,8,267.0,324.0,201.0,7.71,3.26,234.0,1520.0,4491.0,1794.0,1456.0,31688.0
2.96,12,145.0,364.0,181.0,5.34,10.02,232.0,1999.0,4542.0,1792.0,1403.0,28917.0
1.89,3,111.0,415.0,213.0,7.15,6.08,223.0,1452.0,4833.0,1920.0,1397.0,43010.0
1.06,12,277.0,218.0,240.0,8.3,6.61,179.0,1427.0,4050.0,1801.0,1293.0,8327.0
1.2,12,246.0,367.0,220.0,8.22,14.09,32.0,1517.0,4403.0,1758.0,1318.0,31447.0
2.54,12,157.0,293.0,232.0,8.51,8.25,148.0,1463.0,4901.0,1905.0,1464.0,32987.0
2.71,10,159.0,405.0,293.0,8.08,6.53,149.0,1435.0,4793.0,1812.0,1192.0,21195.0
1.78,8,299.0,107.0,206.0,6.49,1.99,131.0,1843.0,4611.0,1725.0,1489.0,50856.0
3.01,6,137.0,310.0,231.0,6.47,10.97,186.0,1545.0,4048.0,1915.0,1342.0,19066.0
1.17,6,335.0,260.0,200.0,5.1,4.14,159.0,1714.0,4485.0,1819.0,1524.0,32962.0
2.45,3,157.0,363.0,186.0,11.07,4.99,139.0,1809.0,4323.0,1800.0,1544.0,39397.0
1.53,12,265.0,367.0,197.0,7.53,6.67,127.0,1616.0,4599.0,1818.0,1149.0,55302.0
1.98,3,197.0,249.0,201.0,7.05,11.04,144.0,1209.0,4257.0,1693.0,1313.0,34842.0
2.54,10,262.0,249.0,234.0,5.64,9.43,236.0,1094.0,4192.0,1747.0,1272.0,49042.0
1.81,10,182.0,309.0,314.0,13.37,7.11,147.0,1545.0,3881.0,1800.0,1128.0,45509.0
2.19,4,209.0,230.0,191.0,5.35,8.27,154.0,1449.0,4867.0,1781.0,1245.0,36852.0
3.31,10,223.0,404.0,203.0,6.64,6.0,157.0,1526.0,4380.0,1927.0,1766.0,18657.0
2.04,4,150.0,283.0,217.0,8.33,7.85,197.0,1495.0,4547.0,1822.0,1491.0,13481.0
3.17,8,272.0,29.0,236.0,8.7,7.68,203.0,2275.0,4499.0,1885.0,1688.0,36598.0
1.6,3,184.0,283.0,231.0,9.42,9.92,28.0,1101.0,4180.0,1801.0,1524.0,26860.0
2.92,8,204.0,216.0,271.0,11.12,9.92,231.0,903.0,4122.0,1906.0,1289.0,48789.0
3.65,10,150.0,157.0,123.0,8.51,8.73,252.0,1600.0,4198.0,1840.0,1343.0,46188.0
0.52,8,41.0,196.0,125.0,5.39,6.59,127.0,1387.0,4283.0,1801.0,1488.0,32231.0
1.86,8,207.0,331.0,200.0,6.99,9.35,131.0,1595.0,4610.0,1799.0,1466.0,17634.0
2.96,8,389.0,453.0,264.0,8.12,7.27,157.0,1675.0,4261.0,1705.0,1313.0,42661.0
2.34,10,275.0,351.0,157.0,11.64,4.8,142.0,1885.0,5024.0,1851.0,1174.0,19731.0
2.8,12,219.0,259.0,100.0,4.7,6.49,191.0,1048.0,4808.0,1796.0,1893.0,23623.0
2.02,8,202.0,366.0,243.0,9.91,7.71,83.0,1333.0,4743.0,1750.0,1379.0,20309.0
2.57,4,222.0,274.0,230.0,7.86,9.78,124.0,1629.0,4464.0,1911.0,1351.0,32922.0
2.38,10,258.0,251.0,176.0,9.18,7.04,257.0,1731.0,4954.0,1675.0,1417.0,52553.0
3.43,8,137.0,205.0,181.0,7.3,4.48,134.0,2158.0,4435.0,1758.0,1364.0,34924.0
2.7,12,298.0,145.0,181.0,5.82,7.64,242.0,1787.0,4491.0,1903.0,1418.0,28352.0
2.77,10,270.0,281.0,224.0,9.0,7.78,198.0,1483.0,4551.0,1832.0,1593.0,12116.0
2.17,6,270.0,336.0,195.0,8.81,7.96,90.0,1233.0,4711.0,1795.0,1381.0,43282.0
2.11,12,251.0,310.0,240.0,9.44,9.8,212.0,1331.0,4691.0,1825.0,1226.0,23294.0
2.15,4,221.0,278.0,106.0,7.47,10.05,174.0,1322.0,4357.0,1818.0,1376.0,36763.0
2.82,8,267.0,225.0,186.0,6.3,6.01,157.0,1697.0,4340.0,1648.0,1330.0,29687.0
2.16,6,261.0,381.0,175.0,4.38,5.96,192.0,1577.0,4692.0,1765.0,1614.0,47573.0
2.73,6,195.0,188.0,210.0,9.14,4.9,204.0,1103.0,4715.0,1962.0,1576.0,32641.0
4.16,10,180.0,398.0,198.0,8.35,9.25,215.0,1369.0,4382.0,1734.0,1416.0,34116.0
3.2,6,227.0,220.0,252.0,5.57,11.12,239.0,1763.0,4024.0,1768.0,1208.0,42286.0
2.24,4,328.0,245.0,146.0,6.42,6.71,200.0,1605.0,4438.0,1746.0,1216.0,66604.0
3.46,4,133.0,173.0,222.0,6.57,6.9,111.0,1671.0,4687.0,1791.0,1402.0,48327.0
2.17,3,117.0,270.0,242.0,4.53,11.17,156.0,1615.0,5042.0,1742.0,1450.0,33671.0
0.87,4,232.0,418.0,294.0,5.86,8.76,327.0,1988.0,4141.0,1849.0,1344.0,35048.0
1.69,12,224.0,372.0,201.0,5.23,8.59,216.0,1571.0,4372.0,1820.0,1328.0,27127.0
1.0,6,232.0,418.0,233.0,6.68,4.52,298.0,1384.0,4383.0,1877.0,1311.0,20750.0
2.22,4,237.0,372.0,148.0,6.02,9.2,250.0,1225.0,4907.0,1695.0,1396.0,26709.0
2.51,10,204.0,210.0,124.0,4.25,5.18,192.0,1575.0,4490.0,1766.0,1043.0,23418.0
3.84,3,324.0,287.0,254.0,11.55,4.66,195.0,768.0,4228.0,1777.0,1235.0,44801.0
2.76,6,108.0,242.0,220.0,10.01,6.63,178.0,1445.0,4668.0,1846.0,1306.0,18932.0
2.32,3,162.0,453.0,267.0,5.94,6.04,93.0,1438.0,4379.0,1721.0,1581.0,54998.0
3.16,6,213.0,200.0,165.0,8.04,6.95,181.0,1091.0,4133.0,1892.0,1278.0,46281.0
0.73,10,105.0,409.0,241.0,8.33,3.9,241.0,1222.0,4232.0,1919.0,1427.0,35308.0
2.69,3,208.0,409.0,295.0,9.88,9.9,150.0,1743.0,5020.0,1701.0,1434.0,35005.0
3.12,8,336.0,503.0,237.0,5.86,10.32,201.0,1569.0,4615.0,1751.0,1595.0,26641.0
1.32,12,221.0,279.0,231.0,9.68,2.63,223.0,1531.0,4532.0,1747.0,1589.0,39051.0
3.42,12,236.0,391.0,220.0,6.4,9.95,135.0,1592.0,4425.0,2063.0,1391.0,51321.0
2.77,6,132.0,548.0,157.0,4.83,5.47,157.0,1528.0,4588.0,1757.0,1329.0,24453.0
2.17,8,177.0,258.0,274.0,8.95,9.64,129.0,1873.0,4584.0,1968.0,1300.0,11999.0
3.01,3,194.0,166.0,196.0,10.08,7.33,139.0,1537.0,4588.0,1673.0,1364.0,45548.0
4.32,8,198.0,132.0,240.0,12.68,7.57,116.0,1063.0,4534.0,1701.0,1335.0,39865.0
2.65,8,310.0,391.0,157.0,5.1,7.04,135.0,1989.0,4761.0,1731.0,1483.0,18197.0
2.7,3,259.0,132.0,173.0,8.9,10.53,251.0,1611.0,4507.0,1715.0,1463.0,23999.0
2.13,10,142.0,283.0,277.0,6.68,4.4,134.0,1323.0,4207.0,1773.0,1489.0,22113.0
1.82,8,237.0,364.0,206.0,9.07,9.02,186.0,1124.0,4316.0,1729.0,1589.0,24132.0
3.16,8,255.0,339.0,278.0,4.56,10.25,155.0,1619.0,3906.0,1718.0,1679.0,30145.0
1.82,10,300.0,363.0,217.0,4.97,9.29,239.0,1465.0,5108.0,1916.0,1419.0,31002.0
2.56,8,331.0,342.0,146.0,5.95,13.31,246.0,1972.0,4759.0,1922.0,1565.0,25238.0
2.12,8,149.0,448.0,256.0,7.66,6.18,223.0,1396.0,4251.0,1895.0,1347.0,23628.0
2.88,8,163.0,225.0,196.0,6.22,9.89,195.0,1249.0,4415.0,1852.0,1578.0,31568.0
2.77,12,132.0,252.0,248.0,8.82,7.23,168.0,1769.0,4309.0,1809.0,1559.0,37515.0
3.33,4,204.0,243.0,221.0,9.55,10.58,120.0,1778.0,4963.0,1750.0,1551.0,30256.0
2.09,10,253.0,403.0,158.0,8.7,7.48,277.0,1551.0,4074.0,1705.0,1414.0,52380.0
2.28,8,289.0,410.0,227.0,10.74,6.53,142.0,1703.0,4534.0,1836.0,1300.0,42621.0
1.72,12,215.0,365.0,308.0,8.33,10.77,213.0,1489.0,4467.0,1683.0,1191.0,11137.0
2.14,10,198.0,438.0,240.0,5.07,6.27,233.0,1570.0,4748.0,1701.0,1394.0,42856.0
2.8,6,231.0,202.0,218.0,10.23,3.97,152.0,1849.0,4469.0,1915.0,1630.0,44083.0
3.11,6,162.0,487.0,263.0,6.29,6.21,232.0,1688.0,3973.0,1990.0,1354.0,28479.0
1.76,8,366.0,472.0,228.0,9.32,9.05,218.0,1449.0,4425.0,1839.0,1518.0,12572.0
3.2,12,107.0,394.0,228.0,10.65,10.98,266.0,1906.0,4208.0,1911.0,1527.0,35121.0
3.58,12,233.0,498.0,176.0,8.41,7.78,157.0,791.0,4524.0,1775.0,1357.0,34884.0
2.83,10,362.0,154.0,229.0,4.51,10.8,116.0,2116.0,4930.0,1666.0,1597.0,18175.0
4.0,10,220.0,268.0,261.0,5.66,4.1,155.0,988.0,3978.0,1861.0,964.0,13232.0
1.88,12,207.0,246.0,187.0,10.15,6.39,190.0,1312.0,4260.0,1857.0,1217.0,33687.0
1.5,10,195.0,392.0,277.0,7.16,6.78,183.0,1488.0,4334.0,1807.0,1263.0,31504.0
1.08,12,207.0,215.0,216.0,7.66,7.21,160.0,1456.0,4386.0,1776.0,1277.0,28741.0
3.7,4,316.0,396.0,184.0,9.02,7.71,85.0,1802.0,4722.0,1896.0,1450.0,33749.0
3.02,12,65.0,457.0,260.0,8.89,9.23,204.0,1183.0,4448.0,1701.0,1444.0,18458.0
2.46,6,327.0,390.0,209.0,8.06,6.39,279.0,1578.0,4625.0,1723.0,1459.0,28478.0
2.72,10,120.0,348.0,250.0,7.08,7.85,203.0,1327.0,4312.0,1699.0,1489.0,43000.0
1.6,12,201.0,221.0,208.0,6.87,7.39,210.0,1589.0,4569.0,1808.0,1257.0,29750.0
4.46,12,190.0,235.0,218.0,9.22,5.19,209.0,1481.0,4733.0,1691.0,1217.0,9920.0
2.6,10,261.0,445.0,240.0,8.61,7.22,200.0,1528.0,4280.0,1732.0,1459.0,27910.0
2.59,4,108.0,398.0,232.0,6.99,7.14,227.0,1335.0,4734.0,1729.0,1305.0,18948.0
3.08,4,252.0,316.0,140.0,9.66,7.09,200.0,1347.0,4516.0,1774.0,1164.0,39007.0
2.88,10,362.0,278.0,175.0,7.24,7.58,164.0,1586.0,4814.0,1651.0,1546.0,39783.0
2.68,3,125.0,117.0,257.0,5.8,7.69,140.0,1783.0,4440.0,1809.0,1609.0,10118.0
1.87,10,233.0,213.0,215.0,5.98,6.42,168.0,1321.0,4614.0,1925.0,1634.0,46385.0
2.88,10,174.0,511.0,199.0,5.54,10.68,196.0,1239.0,4488.0,1814.0,1428.0,18317.0
4.01,4,250.0,192.0,166.0,6.96,4.58,164.0,1684.0,4471.0,1954.0,1494.0,58388.0
3.58,4,221.0,339.0,177.0,9.97,5.7,196.0,1490.0,4578.0,1933.0,1605.0,34268.0
3.77,10,175.0,421.0,139.0,5.89,14.45,202.0,1749.0,4661.0,1878.0,1304.0,16304.0
2.09,10,254.0,195.0,216.0,7.88,4.91,222.0,1228.0,4125.0,1807.0,1567.0,17870.0
1.71,10,346.0,338.0,196.0,6.19,4.12,244.0,966.0,4930.0,1802.0,1441.0,40221.0
2.4,4,207.0,414.0,181.0,6.98,9.34,184.0,1340.0,3942.0,1876.0,1537.0,29131.0
2.54,10,270.0,321.0,217.0,4.48,2.31,115.0,1270.0,4295.0,1761.0,1428.0,33550.0
3.38,10,129.0,607.0,235.0,7.06,6.91,163.0,1476.0,4472.0,1612.0,1594.0,59192.0
1.15,8,153.0,153.0,304.0,7.11,12.86,182.0,1309.0,4624.0,1849.0,1434.0,24511.0
3.72,3,253.0,426.0,160.0,8.58,3.64,88.0,1722.0,4973.0,1687.0,1177.0,35899.0
2.37,6,324.0,303.0,266.0,7.95,2.55,249.0,1414.0,3943.0,1704.0,1618.0,56298.0
2.16,3,245.0,397.0,259.0,5.1,3.75,187.0,1545.0,4348.0,1800.0,1258.0,39058.0
1.69,8,198.0,364.0,189.0,9.67,9.75,199.0,1547.0,3862.0,1790.0,1588.0,10901.0
1.18,6,220.0,247.0,228.0,7.92,10.31,248.0,1558.0,4509.0,1659.0,1386.0,42581.0
3.16,10,132.0,343.0,202.0,7.9,6.22,148.0,1493.0,4582.0,1817.0,1576.0,17555.0
2.56,8,262.0,134.0,227.0,7.48,9.21,209.0,1653.0,4977.0,1897.0,1570.0,56102.0
1.47,10,282.0,380.0,280.0,6.46,10.98,175.0,1261.0,4536.0,1687.0,1465.0,22657.0
1.46,4,188.0,350.0,244.0,7.94,11.97,171.0,1920.0,4813.0,1927.0,1476.0,79543.0
2.23,12,187.0,384.0,240.0,8.45,6.88,141.0,1429.0,4675.0,1644.0,1463.0,57011.0
3.84,8,239.0,426.0,203.0,4.01,1.75,263.0,1107.0,4369.0,2012.0,1098.0,23051.0
2.29,4,189.0,357.0,161.0,6.42,5.45,161.0,1556.0,4077.0,1759.0,1418.0,35300.0
1.3,8,215.0,335.0,212.0,6.99,6.43,215.0,1245.0,4583.0,1815.0,1233.0,46305.0
2.3,8,367.0,232.0,268.0,8.01,6.85,86.0,1700.0,4052.0,1611.0,1426.0,46755.0
2.28,4,203.0,249.0,159.0,9.89,7.03,239.0,2163.0,4889.0,1794.0,1229.0,41635.0
0.34,6,195.0,439.0,178.0,5.96,10.3,233.0,1264.0,4451.0,1823.0,1222.0,53782.0
2.46,3,175.0,464.0,225.0,6.5,10.69,185.0,1600.0,4859.0,1791.0,1641.0,33155.0
2.32,10,272.0,296.0,181.0,6.47,7.07,169.0,973.0,4356.0,1744.0,1560.0,29499.0
3.06,8,207.0,325.0,188.0,5.9,10.25,200.0,1636.0,4581.0,1705.0,1399.0,29797.0
3.98,10,175.0,230.0,203.0,6.81,8.39,294.0,1234.0,4563.0,1913.0,1428.0,47876.0
3.4,12,312.0,437.0,165.0,9.04,7.66,92.0,1313.0,4486.0,1803.0,1363.0,40478.0
2.28,4,319.0,387.0,181.0,5.39,9.77,219.0,1170.0,4370.0,1954.0,1485.0,39369.0
1.61,10,178.0,514.0,248.0,8.36,7.68,134.0,1720.0,4618.0,1747.0,1299.0,46929.0
4.56,4,89.0,232.0,168.0,4.1,12.64,179.0,1802.0,4222.0,1757.0,1549.0,4234.0
2.55,10,291.0,282.0,156.0,6.38,3.9,168.0,1507.0,4137.0,1882.0,1362.0,39651.0
2.51,3,172.0,343.0,195.0,6.84,6.21,159.0,1241.0,4873.0,1638.0,1337.0,38279.0
2.48,3,275.0,385.0,249.0,10.85,7.18,179.0,1977.0,4718.0,1679.0,1403.0,60032.0
2.66,3,82.0,298.0,212.0,6.95,8.6,123.0,1275.0,4520.0,1910.0,1311.0,12071.0
2.38,3,282.0,233.0,201.0,3.1,10.67,231.0,851.0,5000.0,1683.0,1449.0,58358.0
2.04,3,135.0,408.0,222.0,3.5,7.44,90.0,1638.0,4420.0,1618.0,1319.0,36131.0
2.06,3,271.0,392.0,150.0,7.57,3.94,207.0,1169.0,4897.0,1987.0,1470.0,42335.0
2.47,4,221.0,228.0,240.0,8.73,9.61,164.0,1797.0,4553.0,1661.0,1582.0,60139.0
2.07,8,153.0,456.0,235.0,8.25,9.39,121.0,1386.0,4193.0,1818.0,1292.0,43411.0
1.93,10,192.0,437.0,204.0,7.84,2.65,190.0,1681.0,5054.0,1807.0,1380.0,41006.0
2.59,3,268.0,333.0,260.0,9.82,7.49,102.0,1920.0,4797.0,1519.0,1469.0,38634.0
2.3,4,227.0,328.0,175.0,6.42,3.52,182.0,1137.0,4464.0,1773.0,1335.0,27748.0
3.7,4,261.0,375.0,265.0,9.29,5.84,109.0,1330.0,4718.0,1845.0,1470.0,34573.0
0.38,4,358.0,234.0,226.0,4.24,5.24,203.0,1477.0,4379.0,1835.0,1483.0,24267.0
3.37,8,111.0,323.0,207.0,5.69,9.52,134.0,1961.0,4749.0,1890.0,1562.0,34331.0
3.5,10,333.0,105.0,219.0,3.89,7.79,157.0,1302.0,3783.0,1761.0,1309.0,-39.0
0.84,8,227.0,408.0,216.0,6.95,4.29,195.0,1322.0,4194.0,1871.0,1259.0,41436.0
2.23,6,157.0,164.0,269.0,7.41,9.7,141.0,1643.0,4794.0,1731.0,1354.0,33174.0
2.2,4,127.0,470.0,177.0,7.73,3.92,177.0,1327.0,4425.0,1659.0,1255.0,29957.0
1.37,6,207.0,287.0,189.0,7.62,8.33,104.0,1546.0,4562.0,1670.0,1485.0,38296.0
1.88,12,285.0,299.0,261.0,5.64,5.46,212.0,1035.0,4096.0,1654.0,1226.0,13497.0
1.61,3,211.0,257.0,196.0,7.12,6.59,268.0,2164.0,5054.0,1901.0,1750.0,63939.0
3.9,3,326.0,291.0,256.0,4.51,8.76,320.0,1096.0,4857.0,1649.0,1594.0,33458.0
3.25,8,118.0,462.0,288.0,10.23,8.8,185.0,1403.0,4440.0,1827.0,1402.0,32812.0
3.52,10,219.0,71.0,204.0,6.89,10.84,219.0,1490.0,4379.0,1773.0,1530.0,20519.0
3.08,6,132.0,448.0,247.0,6.52,7.29,91.0,2074.0,4809.0,1790.0,1154.0,35359.0
1.6,10,245.0,354.0,174.0,10.68,8.27,255.0,1103.0,5095.0,1936.0,1779.0,55804.0
2.08,8,282.0,199.0,250.0,5.02,6.41,219.0,2095.0,4786.0,1756.0,1311.0,50539.0
2.89,3,191.0,212.0,228.0,5.25,7.95,156.0,1727.0,5152.0,1861.0,1382.0,47817.0
1.52,10,38.0,488.0,239.0,5.31,8.6,242.0,1625.0,4223.0,1804.0,1122.0,43196.0
3.07,10,234.0,225.0,194.0,7.36,7.25,167.0,1205.0,4254.0,1785.0,1473.0,29622.0
2.31,3,251.0,205.0,154.0,8.36,2.99,157.0,1671.0,4143.0,2030.0,1234.0,13248.0
2.2,6,248.0,434.0,240.0,8.98,8.33,204.0,1283.0,4633.0,1656.0,1415.0,31984.0
3.07,3,307.0,354.0,137.0,12.64,8.41,127.0,1880.0,4553.0,1929.0,1318.0,31462.0
2.86,10,145.0,226.0,207.0,3.0,5.8,231.0,1209.0,4454.0,1866.0,1238.0,50732.0
2.21,6,268.0,342.0,258.0,8.72,4.29,127.0,1466.0,4743.0,1752.0,1279.0,39641.0
3.43,6,303.0,217.0,228.0,6.39,11.19,127.0,1333.0,4870.0,1963.0,1434.0,59185.0
1.64,3,95.0,430.0,298.0,6.33,8.73,135.0,1204.0,4042.0,1615.0,1208.0,52962.0
2.99,10,242.0,426.0,261.0,6.26,6.93,218.0,1722.0,4321.0,1748.0,1288.0,28153.0
2.97,8,185.0,373.0,194.0,5.68,4.66,149.0,1661.0,4746.0,1679.0,1499.0,8073.0
2.25,10,214.0,356.0,221.0,10.87,5.45,113.0,1863.0,4360.0,1841.0,1790.0,55784.0
2.76,4,244.0,496.0,218.0,9.18,10.76,150.0,966.0,4261.0,1689.0,1472.0,55391.0
1.5,12,186.0,320.0,157.0,7.55,7.84,178.0,1819.0,4806.0,1843.0,1262.0,14507.0
3.24,8,173.0,202.0,182.0,10.2,6.12,121.0,2252.0,4113.0,1781.0,1345.0,57639.0
2.35,6,222.0,365.0,198.0,4.47,8.77,122.0,1365.0,4410.0,1752.0,1405.0,40732.0
2.08,8,144.0,529.0,139.0,4.84,5.46,286.0,2069.0,4599.0,1839.0,1348.0,37410.0
3.34,6,144.0,219.0,222.0,3.14,11.25,137.0,1421.0,4328.0,1773.0,1535.0,59222.0
1.94,6,268.0,284.0,210.0,6.1,10.88,164.0,1088.0,4735.0,1691.0,1433.0,55170.0
1.37,8,140.0,362.0,153.0,7.82,6.33,162.0,1408.0,4329.0,2080.0,1536.0,44770.0
1.25,6,267.0,315.0,236.0,7.71,5.93,159.0,1814.0,4923.0,1751.0,1353.0,42098.0
2.98,6,252.0,222.0,249.0,7.8,0.95,211.0,1249.0,4462.0,1578.0,1599.0,44246.0
1.48,4,99.0,432.0,229.0,4.68,3.8,227.0,1320.0,4701.0,1716.0,1375.0,28999.0
3.9,10,173.0,552.0,207.0,9.11,4.15,165.0,1678.0,4724.0,1673.0,1254.0,34173.0
0.83,10,304.0,340.0,244.0,7.98,7.84,118.0,1501.0,4312.0,1883.0,1727.0,21465.0
3.86,12,151.0,230.0,247.0,8.97,6.68,244.0,1675.0,3884.0,1832.0,1126.0,30004.0
2.67,12,187.0,165.0,232.0,3.71,4.14,175.0,1571.0,4608.0,1840.0,1289.0,29500.0
2.42,4,252.0,346.0,187.0,8.12,6.8,267.0,1644.0,4522.0,1763.0,1306.0,25470.0
2.06,12,275.0,430.0,231.0,5.12,8.76,68.0,1370.0,4667.0,1772.0,1776.0,37051.0
2.82,8,202.0,368.0,268.0,6.71,8.82,190.0,1570.0,4432.0,1763.0,1671.0,30140.0
2.47,3,178.0,320.0,196.0,8.57,2.75,276.0,1222.0,4371.0,1792.0,1624.0,42534.0
3.38,3,320.0,261.0,304.0,7.68,7.18,162.0,1887.0,5103.0,1884.0,1350.0,10665.0
2.59,3,342.0,211.0,199.0,5.8,4.04,169.0,1310.0,4058.0,1834.0,1764.0,33300.0
2.62,4,289.0,403.0,221.0,7.51,9.75,195.0,1839.0,4720.0,1850.0,1455.0,36973.0
2.21,4,226.0,411.0,193.0,4.44,9.46,152.0,1430.0,4328.0,1850.0,1547.0,30341.0
2.45,6,163.0,165.0,229.0,9.8,5.25,164.0,1561.0,4399.0,1888.0,1427.0,32414.0
2.75,3,162.0,479.0,150.0,7.09,5.58,163.0,1352.0,4405.0,1829.0,1393.0,11221.0
1.13,8,257.0,377.0,198.0,9.74,6.35,149.0,1195.0,4259.0,1836.0,1362.0,40347.0
1.42,12,249.0,460.0,176.0,6.45,1.87,241.0,977.0,4671.0,1919.0,1369.0,44714.0
3.09,8,318.0,186.0,225.0,6.45,8.34,203.0,1183.0,4917.0,1733.0,1491.0,42403.0
2.64,12,266.0,183.0,260.0,5.97,6.82,193.0,1403.0,4641.0,1714.0,1455.0,50581.0
2.35,3,115.0,305.0,246.0,9.25,9.93,220.0,1564.0,4531.0,1681.0,1395.0,38023.0
2.51,3,294.0,370.0,125.0,6.08,4.75,167.0,1803.0,42.0,1818.0,1626.0,42180.0
2.78,3,150.0,500.0,302.0,8.79,5.95,141.0,1366.0,4655.0,1615.0,955.0,37341.0
2.07,4,193.0,391.0,232.0,6.74,3.73,150.0,1235.0,5147.0,1846.0,1476.0,45313.0
1.88,12,238.0,296.0,189.0,3.55,4.99,180.0,1067.0,4386.0,1789.0,1508.0,11342.0
2.66,4,360.0,217.0,226.0,6.36,4.55,127.0,1644.0,4387.0,1913.0,1572.0,21596.0
1.72,4,438.0,443.0,227.0,5.14,9.99,155.0,1915.0,4332.0,1733.0,1390.0,58803.0
2.83,10,262.0,224.0,193.0,7.57,5.75,154.0,1880.0,4353.0,1780.0,1431.0,-1907.0
1.14,8,207.0,483.0,228.0,5.12,7.81,286.0,1713.0,3676.0,1912.0,1548.0,32897.0
3.32,8,257.0,292.0,196.0,9.35,6.55,41.0,1692.0,4622.0,1938.0,1624.0,52584.0
2.88,6,282.0,479.0,204.0,7.32,4.33,171.0,2009.0,4246.0,1732.0,1355.0,33601.0
2.7,4,198.0,388.0,193.0,7.14,7.08,266.0,1600.0,4017.0,1818.0,1440.0,28925.0
3.29,12,346.0,306.0,163.0,8.81,9.0,186.0,1694.0,4726.0,1829.0,1652.0,36941.0
3.83,10,236.0,268.0,226.0,9.4,4.4,218.0,144.0,475.0,1837.0,1081.0,29703.0
3.31,10,255.0,286.0,243.0,7.46,9.52,185.0,,4398.0,1774.0,1296.0,35463.0
1.03,8,267.0,363.0,241.0,5.96,5.38,147.0,1295,4940.0,192.0,1620.0,24749.0
1.48,4,250.0,328.0,253.0,3.95,6.29,68.0,1497.0,4077.0,1611.0,1564.0,51630.0
2.0,6,279.0,261.0,233.0,6.13,8.83,190.0,1518.0,4040.0,1758.0,1478.0,56349.0
2.52,4,177.0,303.0,199.0,6.27,5.84,141.0,2078.0,4581.0,1845.0,1333.0,32999.0
2.91,3,181.0,328.0,254.0,7.71,7.59,140.0,1524.0,4845.0,1846.0,1268.0,14203.0
1.92,4,143.0,107.0,166.0,6.81,6.71,155.0,1854.0,4028.0,1935.0,1311.0,27142.0
2.65,3,251.0,366.0,184.0,8.88,7.82,267.0,1369.0,4622.0,1920.0,1632.0,32240.0
1.9,3,275.0,222.0,181.0,6.27,1.55,300.0,1406.0,4674.0,1771.0,1306.0,42583.0
2.01,6,252.0,205.0,263.0,7.39,2.93,191.0,1101.0,3882.0,1930.0,1415.0,19880.0
1.37,12,337.0,151.0,258.0,9.87,9.04,157.0,1277.0,4740.0,1729.0,1287.0,23463.0
1.76,8,220.0,141.0,239.0,8.18,10.09,121.0,1658.0,4763.0,1893.0,1526.0,42660.0
1.42,4,267.0,184.0,263.0,7.38,5.22,203.0,1502.0,4406.0,1981.0,1319.0,49084.0
1.72,3,144.0,249.0,185.0,6.3,6.89,269.0,1783.0,4876.0,1921.0,1385.0,25676.0
3.34,4,193.0,515.0,234.0,6.23,8.24,168.0,1554.0,4841.0,1811.0,1147.0,15002.0
1.74,12,269.0,267.0,215.0,5.8,9.23,61.0,1394.0,4531.0,1767.0,1158.0,84262.0
4.61,8,279.0,338.0,254.0,6.42,2.43,214.0,2144.0,4365.0,1647.0,1401.0,46750.0
2.89,12,199.0,360.0,215.0,9.01,5.28,229.0,1472.0,4208.0,1831.0,1201.0,30995.0
2.65,8,215.0,333.0,205.0,7.06,6.67,101.0,1849.0,4489.0,1688.0,1716.0,48035.0
1.81,10,114.0,312.0,242.0,4.8,9.26,189.0,1380.0,4671.0,1721.0,1091.0,33133.0
3.06,8,195.0,200.0,255.0,11.04,13.75,203.0,1713.0,4403.0,1681.0,1280.0,48007.0
2.04,6,282.0,465.0,193.0,8.14,6.93,176.0,1778.0,3841.0,1754.0,1403.0,37391.0
2.6,12,260.0,501.0,218.0,4.69,3.98,140.0,1563.0,4881.0,1797.0,1345.0,36369.0
4.55,3,255.0,152.0,178.0,6.62,8.51,231.0,794.0,4557.0,1827.0,1234.0,33296.0
2.42,10,223.0,218.0,120.0,7.72,10.8,160.0,1505.0,4386.0,1740.0,1256.0,13289.0
3.42,6,220.0,292.0,228.0,10.91,7.77,106.0,1869.0,4757.0,1907.0,1251.0,64071.0
1.94,4,174.0,224.0,244.0,5.28,5.23,78.0,1658.0,4957.0,1779.0,1357.0,20877.0
2.47,12,269.0,371.0,230.0,9.45,9.89,243.0,1634.0,3659.0,1721.0,1693.0,14600.0
3.92,3,249.0,247.0,142.0,10.3,9.16,211.0,983.0,4630.0,1823.0,1412.0,31807.0
2.0,8,254.0,537.0,206.0,6.24,4.93,184.0,1284.0,4072.0,1996.0,1577.0,20578.0
3.95,3,183.0,439.0,131.0,6.94,8.45,158.0,1623.0,4650.0,1834.0,1476.0,34224.0
3.07,4,69.0,341.0,275.0,5.43,9.99,154.0,1623.0,4538.0,1764.0,1567.0,45316.0
2.05,10,297.0,423.0,177.0,7.09,10.45,126.0,1864.0,4691.0,1647.0,980.0,49930.0
3.01,10,186.0,431.0,270.0,7.43,7.33,158.0,1457.0,4350.0,1778.0,1354.0,47221.0
3.28,12,160.0,264.0,258.0,8.82,6.6,74.0,1622.0,3938.0,1823.0,1596.0,30416.0
3.0,10,269.0,238.0,184.0,9.68,10.57,143.0,1505.0,4365.0,1761.0,1314.0,35744.0
1.24,12,193.0,328.0,175.0,6.0,4.47,164.0,1204.0,4622.0,1633.0,1664.0,41118.0
1.92,12,294.0,406.0,234.0,3.57,8.6,210.0,823.0,4805.0,1715.0,1623.0,8633.0
2.3,12,263.0,334.0,186.0,7.46,4.07,178.0,1629.0,4148.0,1945.0,1330.0,43559.0
2.44,8,268.0,162.0,224.0,8.09,10.16,220.0,1552.0,4808.0,1943.0,1325.0,13141.0
3.0,6,124.0,240.0,201.0,8.0,6.85,247.0,1315.0,4306.0,1711.0,1248.0,65605.0
2.64,12,305.0,313.0,149.0,6.85,10.67,233.0,1014.0,4609.0,1867.0,1306.0,28932.0
1.43,12,238.0,312.0,131.0,7.75,8.73,204.0,1689.0,4347.0,1682.0,1215.0,32227.0
2.8,6,194.0,517.0,229.0,10.53,4.44,181.0,1420.0,4555.0,1940.0,1464.0,23454.0
2.99,3,230.0,181.0,198.0,8.26,11.06,131.0,1667.0,4768.0,1825.0,1182.0,25550.0
2.95,12,96.0,371.0,198.0,6.75,11.38,217.0,2059.0,4132.0,1895.0,1491.0,69111.0
3.36,8,249.0,469.0,248.0,6.5,9.71,264.0,858.0,4296.0,1628.0,1494.0,49106.0
3.17,10,148.0,547.0,267.0,7.16,5.6,197.0,1290.0,4555.0,1868.0,1151.0,11762.0
2.87,10,125.0,280.0,209.0,10.77,6.73,276.0,1437.0,5220.0,1799.0,1632.0,57563.0
2.44,4,113.0,369.0,206.0,7.13,7.86,104.0,1936.0,4241.0,1885.0,1477.0,52899.0
1.17,4,298.0,377.0,240.0,7.46,5.74,122.0,1009.0,5112.0,1891.0,1512.0,30782.0
2.84,10,176.0,340.0,166.0,6.54,11.73,223.0,2081.0,5101.0,1807.0,1286.0,39600.0
2.67,10,327.0,310.0,229.0,9.7,7.86,193.0,1541.0,4471.0,1740.0,1493.0,34776.0
2.72,8,182.0,364.0,242.0,11.42,0.74,246.0,1471.0,4411.0,1878.0,1569.0,64589.0
1.48,6,100.0,67.0,247.0,8.4,8.35,179.0,1441.0,4292.0,1794.0,1385.0,23056.0
1.64,4,142.0,388.0,143.0,7.67,6.63,137.0,1369.0,4480.0,1713.0,1700.0,37190.0
3.34,6,307.0,333.0,190.0,7.57,7.31,169.0,1814.0,4078.0,1708.0,1407.0,28578.0
2.47,8,209.0,298.0,185.0,2.73,6.58,103.0,1179.0,4477.0,1652.0,1571.0,13504.0
3.05,10,182.0,525.0,224.0,8.99,9.52,124.0,1604.0,4949.0,1749.0,1444.0,67875.0
2.52,12,231.0,253.0,239.0,7.77,10.3,229.0,1385.0,4317.0,1910.0,1488.0,17277.0
2.52,6,255.0,280.0,280.0,8.36,8.21,224.0,1271.0,4428.0,1818.0,1149.0,38302.0
3.25,10,298.0,519.0,200.0,6.08,6.65,198.0,2276.0,3990.0,1747.0,1456.0,8889.0
2.09,10,321.0,237.0,200.0,6.73,7.4,94.0,1626.0,4612.0,1880.0,1290.0,29014.0
2.58,3,195.0,265.0,266.0,6.68,7.55,162.0,1684.0,4579.0,1717.0,1273.0,41330.0
2.13,6,127.0,305.0,232.0,9.54,5.49,119.0,1841.0,4519.0,1810.0,1662.0,22629.0
2.15,12,191.0,404.0,271.0,6.74,8.95,239.0,1074.0,4435.0,1782.0,1368.0,43802.0
2.25,6,238.0,341.0,232.0,11.67,8.65,151.0,2026.0,4412.0,1878.0,1250.0,30964.0
2.68,10,153.0,191.0,174.0,8.36,11.35,126.0,747.0,4651.0,1642.0,1346.0,52401.0
2.12,12,153.0,267.0,167.0,4.95,10.64,181.0,1269.0,4491.0,1715.0,1205.0,55426.0
3.5,8,244.0,259.0,158.0,7.24,5.79,148.0,1362.0,4594.0,1636.0,1615.0,26199.0
1.78,3,217.0,312.0,246.0,6.2,9.55,254.0,1675.0,4564.0,1774.0,1296.0,36151.0
2.35,10,222.0,363.0,268.0,3.11,5.12,143.0,1566.0,4837.0,1921.0,1479.0,37752.0
2.15,4,167.0,362.0,294.0,10.7,9.24,110.0,1450.0,4703.0,1749.0,1603.0,44290.0
3.66,4,204.0,142.0,254.0,8.91,6.21,72.0,1496.0,4558.0,1749.0,1325.0,35216.0
2.66,3,155.0,426.0,267.0,8.57,4.94,178.0,1207.0,4956.0,1887.0,1480.0,37853.0
3.33,8,282.0,345.0,197.0,7.83,8.2,152.0,1051.0,4626.0,1907.0,1245.0,31349.0
1.31,10,292.0,458.0,174.0,4.74,0.81,109.0,1718.0,4891.0,1791.0,1767.0,36729.0
2.71,6,91.0,364.0,254.0,6.53,3.12,239.0,1708.0,4682.0,1868.0,1540.0,54469.0
3.21,3,155.0,430.0,237.0,9.18,7.06,213.0,1975.0,3947.0,1692.0,1371.0,44691.0
2.57,8,115.0,367.0,224.0,5.4,7.71,179.0,1263.0,4891.0,1938.0,1284.0,45519.0
3.35,6,174.0,455.0,235.0,2.44,6.58,248.0,1708.0,4541.0,2015.0,1383.0,45846.0
2.09,4,214.0,372.0,233.0,7.05,3.55,213.0,1415.0,4484.0,1852.0,1349.0,32693.0
3.63,4,119.0,310.0,271.0,7.22,5.46,139.0,1857.0,4584.0,1592.0,1693.0,39782.0
4.34,6,155.0,547.0,272.0,7.77,8.48,128.0,1807.0,4397.0,1744.0,1216.0,18722.0
2.21,3,150.0,409.0,242.0,8.96,8.95,221.0,1563.0,4568.0,1861.0,1420.0,54032.0
2.14,4,235.0,377.0,254.0,8.78,7.46,200.0,1398.0,4322.0,1758.0,1397.0,-6744.0
3.66,10,225.0,192.0,241.0,8.02,10.39,188.0,1788.0,4882.0,1927.0,1382.0,33693.0
3.76,12,169.0,191.0,202.0,9.89,8.49,138.0,1694.0,4466.0,1859.0,1384.0,52113.0
2.08,6,232.0,349.0,250.0,4.46,5.63,210.0,1295.0,4385.0,1729.0,1383.0,14542.0
2.16,6,182.0,335.0,164.0,8.51,6.8,142.0,1102.0,4223.0,1803.0,1531.0,40997.0
2.27,4,201.0,259.0,262.0,8.75,3.99,175.0,1413.0,4581.0,1711.0,1491.0,24789.0
1.42,3,337.0,334.0,172.0,5.02,7.23,252.0,1955.0,4556.0,1782.0,1463.0,29468.0
1.77,10,314.0,479.0,231.0,4.49,10.28,147.0,1844.0,4617.0,1745.0,945.0,49189.0
1.7,3,129.0,390.0,186.0,6.01,9.21,101.0,1166.0,4192.0,1917.0,1445.0,37971.0
1.89,8,278.0,206.0,242.0,6.18,11.01,127.0,1150.0,4020.0,2012.0,1152.0,4485.0
2.47,8,277.0,309.0,219.0,9.01,6.74,230.0,1882.0,4688.0,1657.0,1497.0,20354.0
2.69,12,140.0,240.0,156.0,6.27,10.87,193.0,1159.0,4945.0,1608.0,1621.0,49630.0
3.74,4,277.0,281.0,237.0,5.79,7.02,174.0,1653.0,4192.0,1775.0,1261.0,41734.0
1.7,4,328.0,279.0,197.0,6.28,11.18,155.0,1315.0,4977.0,1648.0,1361.0,61222.0
3.29,4,141.0,272.0,255.0,9.74,7.45,204.0,1985.0,4585.0,1805.0,1310.0,60240.0
2.33,12,156.0,194.0,220.0,7.53,9.27,138.0,1269.0,4498.0,1875.0,1585.0,29866.0
2.46,8,291.0,307.0,236.0,7.14,11.19,195.0,1843.0,4381.0,1949.0,1414.0,72549.0
3.04,3,239.0,264.0,182.0,7.28,7.02,143.0,1555.0,4085.0,1820.0,1659.0,35367.0
1.6,12,259.0,27.0,196.0,10.08,8.05,135.0,1576.0,4796.0,1781.0,1462.0,20560.0
2.81,12,244.0,525.0,202.0,6.0,10.72,148.0,909.0,4267.0,1602.0,1436.0,25495.0
2.63,3,247.0,429.0,254.0,10.13,7.17,161.0,839.0,4266.0,1803.0,1410.0,1149.0
2.89,4,127.0,282.0,287.0,7.92,4.2,178.0,1434.0,4798.0,1807.0,1523.0,59105.0
2.73,10,293.0,322.0,188.0,7.18,12.86,192.0,1574.0,3935.0,1864.0,1139.0,58921.0
4.46,3,302.0,203.0,263.0,12.5,6.33,-4.0,1162.0,4043.0,1729.0,1413.0,19767.0
1.99,8,204.0,490.0,133.0,5.39,7.9,140.0,1173.0,4495.0,1756.0,1389.0,31582.0
2.08,6,217.0,510.0,172.0,6.79,10.39,160.0,1668.0,4588.0,1652.0,1509.0,36434.0
2.0,6,113.0,336.0,182.0,5.04,5.98,255.0,1669.0,4645.0,1571.0,1372.0,20595.0
2.06,12,256.0,422.0,166.0,9.4,4.98,126.0,1459.0,4409.0,1689.0,1244.0,8673.0
1.99,6,260.0,338.0,157.0,10.88,8.13,188.0,1734.0,5259.0,1643.0,1401.0,31845.0
3.45,10,216.0,186.0,237.0,10.84,3.02,255.0,1148.0,4432.0,1834.0,1238.0,30184.0
3.64,4,299.0,279.0,211.0,9.95,6.78,114.0,1393.0,4431.0,1748.0,1111.0,29174.0
2.04,8,197.0,333.0,235.0,7.1,8.11,200.0,1994.0,4261.0,1746.0,1509.0,38341.0
1.83,10,260.0,275.0,248.0,6.77,6.83,140.0,1520.0,4537.0,1702.0,1487.0,56443.0
2.88,8,149.0,298.0,231.0,4.16,3.64,155.0,1538.0,4684.0,1477.0,1470.0,30454.0
2.06,8,218.0,311.0,246.0,11.57,11.49,140.0,2192.0,4861.0,1951.0,1595.0,37557.0
3.01,4,208.0,312.0,217.0,8.44,7.76,143.0,1080.0,4053.0,1700.0,1300.0,45903.0
2.66,12,236.0,325.0,173.0,6.52,11.08,316.0,1739.0,4426.0,1759.0,1185.0,43312.0
1.29,6,194.0,214.0,262.0,10.16,6.85,222.0,1999.0,4634.0,1655.0,1389.0,25784.0
3.74,4,211.0,248.0,196.0,5.55,5.3,235.0,1403.0,4676.0,1897.0,1348.0,36446.0
3.94,10,278.0,192.0,183.0,8.31,8.17,205.0,1758.0,4502.0,1814.0,1274.0,43213.0
2.01,12,189.0,418.0,213.0,7.15,6.96,100.0,1205.0,4663.0,1717.0,1388.0,18075.0
2.19,10,108.0,109.0,183.0,8.78,4.56,200.0,1294.0,4257.0,1761.0,1308.0,53953.0
2.73,12,342.0,435.0,203.0,7.37,11.17,234.0,1615.0,4967.0,1968.0,1125.0,56474.0
2.77,10,317.0,459.0,234.0,4.6,5.94,137.0,1740.0,4798.0,1793.0,1334.0,24158.0
3.03,4,130.0,290.0,234.0,7.65,2.9,228.0,1836.0,4097.0,1782.0,1230.0,37905.0
4.11,12,268.0,60.0,184.0,9.6,10.82,215.0,1971.0,4177.0,1706.0,1435.0,44634.0
2.36,12,185.0,284.0,200.0,7.44,6.24,273.0,1480.0,4186.0,1611.0,1302.0,26816.0
1.86,8,238.0,314.0,263.0,9.05,5.98,159.0,1858.0,4703.0,1784.0,1567.0,42224.0
1.4,8,241.0,219.0,240.0,5.41,3.09,125.0,1397.0,4115.0,1833.0,1641.0,37449.0
1.92,3,204.0,268.0,303.0,7.45,11.85,162.0,1771.0,4401.0,1910.0,1502.0,12981.0
2.47,10,165.0,473.0,267.0,6.25,4.28,252.0,1562.0,4636.0,1575.0,1167.0,41887.0
3.94,8,172.0,386.0,266.0,8.99,7.65,89.0,1634.0,4480.0,1687.0,1626.0,18498.0
2.09,3,156.0,228.0,164.0,7.56,9.78,77.0,1627.0,4578.0,1742.0,1636.0,49088.0
2.68,8,162.0,160.0,251.0,8.88,8.55,184.0,1019.0,4180.0,1800.0,1403.0,24932.0
2.49,10,215.0,287.0,218.0,9.68,7.35,158.0,1163.0,4678.0,1785.0,1598.0,32581.0
3.45,12,170.0,299.0,198.0,8.88,3.25,180.0,1531.0,4316.0,1788.0,1317.0,55584.0
4.52,6,268.0,370.0,227.0,8.05,5.48,227.0,994.0,4403.0,1841.0,1120.0,42446.0
2.08,10,324.0,266.0,258.0,5.5,7.97,152.0,1749.0,4571.0,1710.0,1286.0,18808.0
2.11,4,179.0,371.0,240.0,7.49,5.53,86.0,1761.0,4531.0,1893.0,1659.0,19776.0
3.34,8,237.0,514.0,185.0,6.43,8.01,282.0,1598.0,4507.0,1843.0,1176.0,26010.0
3.05,8,255.0,402.0,250.0,6.81,9.2,130.0,1164.0,4275.0,1768.0,1400.0,40920.0
3.98,12,253.0,315.0,194.0,6.75,9.91,127.0,1914.0,4410.0,1960.0,1405.0,40374.0
2.97,4,225.0,302.0,229.0,5.54,4.43,235.0,2111.0,4501.0,1956.0,1323.0,22353.0
2.21,12,272.0,284.0,208.0,3.59,12.99,161.0,1544.0,4087.0,1893.0,1333.0,17492.0
2.97,4,254.0,438.0,211.0,6.16,9.42,177.0,1653.0,4361.0,1498.0,1411.0,39224.0
3.39,6,133.0,257.0,251.0,7.89,7.5,204.0,1561.0,4616.0,1958.0,1316.0,32272.0
3.16,8,281.0,325.0,178.0,4.8,10.22,234.0,1659.0,4117.0,1879.0,1187.0,67358.0
2.91,8,282.0,325.0,298.0,7.53,13.41,163.0,1464.0,4847.0,2001.0,1432.0,35549.0
3.35,6,167.0,270.0,147.0,11.3,3.9,256.0,1490.0,4881.0,1924.0,1561.0,62214.0
3.44,3,223.0,183.0,196.0,9.55,6.94,73.0,1772.0,4126.0,1958.0,1530.0,17444.0
3.61,12,268.0,352.0,235.0,10.79,1.55,218.0,2204.0,4907.0,1888.0,1279.0,11402.0
3.02,6,205.0,314.0,243.0,8.28,7.98,138.0,1080.0,4457.0,1935.0,1212.0,18199.0
2.37,12,295.0,370.0,216.0,9.84,8.41,249.0,1469.0,4626.0,1999.0,1357.0,52837.0
2.62,10,385.0,267.0,218.0,6.05,7.4,187.0,1146.0,4351.0,1822.0,1635.0,61342.0
3.47,8,165.0,442.0,236.0,6.21,5.86,146.0,1978.0,4777.0,1643.0,1497.0,23267.0
1.85,12,123.0,232.0,211.0,2.02,2.38,213.0,1324.0,4622.0,1769.0,1506.0,28092.0
2.79,4,241.0,491.0,276.0,9.87,8.43,225.0,1067.0,4256.0,1839.0,1533.0,17465.0
2.19,12,271.0,145.0,254.0,10.58,11.14,212.0,1691.0,4150.0,1807.0,1463.0,7825.0
2.52,10,204.0,363.0,255.0,6.39,6.02,129.0,2023.0,4062.0,1675.0,1418.0,45776.0
3.52,8,322.0,368.0,181.0,6.99,8.6,156.0,1699.0,4556.0,1637.0,1499.0,38345.0
2.65,6,126.0,240.0,217.0,5.99,3.58,180.0,1561.0,4672.0,1726.0,1318.0,35157.0
2.54,10,269.0,362.0,208.0,8.27,8.64,178.0,1623.0,4695.0,1881.0,1188.0,13999.0
1.41,8,178.0,448.0,180.0,9.75,6.52,217.0,1924.0,4465.0,1958.0,1508.0,59599.0
3.1,12,340.0,98.0,234.0,4.01,5.59,79.0,1238.0,4153.0,1892.0,1586.0,27450.0
3.02,3,359.0,370.0,198.0,8.32,5.6,197.0,1466.0,4295.0,1906.0,1232.0,43004.0
4.23,3,166.0,71.0,246.0,6.95,6.52,166.0,1364.0,4846.0,1792.0,1523.0,13182.0
2.25,4,182.0,223.0,177.0,7.73,8.46,138.0,1150.0,4355.0,1626.0,1652.0,32142.0
2.68,8,280.0,483.0,289.0,8.42,4.22,143.0,1401.0,4543.0,1754.0,1400.0,39371.0
2.7,3,193.0,262.0,184.0,7.12,6.51,169.0,1832.0,4177.0,1774.0,1277.0,39906.0
3.76,6,217.0,203.0,229.0,7.29,7.4,-0.0,1670.0,4601.0,1750.0,1418.0,37320.0
2.42,8,222.0,300.0,252.0,7.07,4.75,145.0,1693.0,4363.0,1805.0,1317.0,42418.0
2.72,6,86.0,527.0,197.0,9.44,11.99,136.0,1544.0,4814.0,1844.0,1307.0,18042.0
2.99,6,219.0,137.0,254.0,8.34,5.37,207.0,1657.0,4732.0,1885.0,1465.0,37961.0
2.65,3,172.0,215.0,171.0,7.94,5.83,140.0,1260.0,4351.0,1772.0,1159.0,36706.0
2.14,8,185.0,470.0,278.0,4.96,5.05,169.0,1407.0,4462.0,1610.0,1183.0,38475.0
2.66,12,321.0,506.0,221.0,6.74,12.0,257.0,1558.0,4335.0,1752.0,1403.0,36085.0
3.36,10,132.0,310.0,196.0,9.3,8.88,230.0,1583.0,4074.0,1804.0,1397.0,15902.0
1.68,3,277.0,196.0,208.0,7.58,5.16,225.0,1596.0,4243.0,1922.0,1452.0,15233.0
2.61,3,200.0,530.0,252.0,8.82,10.27,155.0,1458.0,4559.0,1743.0,1681.0,1786.0
1.94,12,200.0,479.0,197.0,11.03,8.0,207.0,1387.0,4598.0,1851.0,1416.0,47263.0
3.46,8,275.0,388.0,190.0,9.58,8.14,168.0,2447.0,4545.0,1829.0,1490.0,47415.0
1.28,8,244.0,239.0,211.0,7.69,6.64,170.0,1772.0,4409.0,1804.0,1254.0,47653.0
2.05,6,260.0,315.0,173.0,6.48,5.63,200.0,1624.0,4780.0,1893.0,1515.0,39602.0
2.8,12,288.0,304.0,293.0,2.39,8.34,150.0,1430.0,4519.0,1734.0,1321.0,3003.0
3.75,12,197.0,353.0,197.0,7.16,6.14,255.0,1365.0,4711.0,1742.0,1411.0,19599.0
2.45,8,177.0,465.0,253.0,6.85,12.04,172.0,1461.0,3968.0,1799.0,1384.0,37556.0
2.06,6,144.0,408.0,228.0,8.28,4.33,211.0,1588.0,3323.0,1736.0,1555.0,37033.0
4.0,3,162.0,212.0,181.0,7.19,11.34,253.0,936.0,4585.0,1851.0,1204.0,31659.0
1.34,4,426.0,458.0,220.0,6.86,7.22,232.0,1029.0,4073.0,1729.0,1058.0,40534.0
0.74,10,307.0,351.0,251.0,3.94,8.25,110.0,1309.0,4436.0,1823.0,1368.0,35175.0
2.85,3,125.0,389.0,212.0,5.62,9.58,202.0,1562.0,4409.0,1790.0,1470.0,36812.0
2.1,8,127.0,467.0,268.0,8.45,5.92,223.0,1428.0,4976.0,1821.0,1423.0,25414.0
1.68,10,254.0,209.0,261.0,10.93,9.66,225.0,1943.0,4620.0,1754.0,1585.0,49730.0
3.07,4,258.0,316.0,257.0,7.3,0.73,124.0,1055.0,4550.0,1766.0,1466.0,28538.0
2.7,4,258.0,267.0,202.0,8.16,5.7,147.0,1275.0,4751.0,1810.0,1315.0,15040.0
2.05,6,202.0,163.0,177.0,9.4,5.19,230.0,1956.0,4611.0,1820.0,1051.0,23435.0
1.48,10,211.0,355.0,195.0,5.88,4.37,142.0,1539.0,4363.0,1800.0,1364.0,29773.0
3.2,6,243.0,571.0,228.0,8.23,6.96,165.0,1765.0,4821.0,1971.0,1554.0,49910.0
3.02,3,226.0,136.0,242.0,6.02,8.46,259.0,2115.0,4167.0,1701.0,1341.0,34366.0
2.42,12,65.0,317.0,133.0,9.23,9.26,178.0,1292.0,4597.0,1794.0,1404.0,32208.0
3.98,12,204.0,384.0,220.0,7.8,8.1,144.0,1470.0,4036.0,1643.0,1463.0,16270.0
1.64,12,160.0,332.0,226.0,8.1,5.84,136.0,1418.0,4561.0,1837.0,1248.0,46782.0
1.28,10,232.0,309.0,209.0,5.93,8.42,197.0,914.0,4558.0,1688.0,1493.0,25221.0
1.95,12,429.0,190.0,272.0,8.91,7.81,113.0,1407.0,5003.0,1772.0,1646.0,33500.0
2.46,3,246.0,343.0,237.0,11.67,9.84,168.0,1764.0,4031.0,1763.0,1374.0,57203.0
2.69,6,198.0,244.0,272.0,5.48,9.44,197.0,1662.0,4320.0,1828.0,1231.0,42631.0
2.31,10,285.0,101.0,211.0,6.82,7.58,245.0,1686.0,4747.0,1745.0,1390.0,10576.0
2.78,6,254.0,439.0,257.0,7.96,5.26,213.0,1387.0,4601.0,1740.0,1066.0,8457.0
1.5,10,249.0,416.0,285.0,9.07,5.87,144.0,1303.0,4554.0,1944.0,1451.0,34035.0
3.66,6,262.0,325.0,272.0,6.38,6.13,239.0,1881.0,4213.0,1828.0,1468.0,16809.0
2.43,4,364.0,343.0,176.0,1.83,6.71,165.0,1351.0,4323.0,1744.0,1651.0,44728.0
3.39,6,141.0,427.0,210.0,10.22,8.17,118.0,1588.0,4874.0,1775.0,1371.0,35634.0
2.77,12,253.0,342.0,206.0,9.02,9.29,171.0,1549.0,4485.0,1965.0,1461.0,37481.0
2.87,4,155.0,410.0,240.0,4.01,7.37,252.0,1939.0,4613.0,1776.0,1271.0,24399.0
2.96,6,259.0,290.0,247.0,6.28,7.54,188.0,1791.0,4465.0,1731.0,1347.0,61121.0
2.86,10,156.0,451.0,186.0,10.64,7.86,181.0,1111.0,4145.0,1732.0,1171.0,77639.0
3.01,10,191.0,352.0,223.0,10.4,6.21,262.0,1144.0,4780.0,1745.0,1371.0,30821.0
3.56,10,199.0,339.0,139.0,9.38,5.19,108.0,1674.0,4651.0,1741.0,1354.0,40296.0
2.66,8,288.0,193.0,278.0,7.15,3.11,116.0,1481.0,5192.0,1672.0,1445.0,36461.0
3.07,3,284.0,349.0,200.0,7.67,5.76,99.0,1363.0,4195.0,1688.0,1306.0,31105.0
2.43,10,133.0,237.0,222.0,7.24,8.68,199.0,1805.0,4747.0,1717.0,1413.0,22519.0
3.65,4,224.0,256.0,208.0,9.76,5.74,188.0,1556.0,4107.0,1859.0,1350.0,18725.0
1.96,10,170.0,238.0,266.0,5.75,6.91,257.0,1516.0,4547.0,1762.0,1350.0,17966.0
3.94,8,132.0,213.0,106.0,5.89,8.67,192.0,1734.0,4793.0,1779.0,1412.0,41079.0
2.47,12,205.0,532.0,219.0,9.52,8.8,160.0,1387.0,3878.0,1927.0,1406.0,27205.0
1.36,4,198.0,453.0,216.0,7.41,4.8,180.0,1971.0,4439.0,1930.0,1514.0,-3674.0
2.6,8,390.0,512.0,202.0,10.26,9.99,186.0,1264.0,4331.0,1772.0,1382.0,41673.0
1.96,12,250.0,198.0,289.0,6.16,10.32,96.0,1697.0,4289.0,1737.0,1348.0,34426.0
3.17,4,124.0,327.0,185.0,7.39,4.68,316.0,1930.0,4616.0,1714.0,1373.0,55200.0
1.98,6,180.0,191.0,251.0,5.66,5.44,206.0,1087.0,4836.0,1869.0,1293.0,40597.0
2.14,3,291.0,250.0,234.0,7.51,10.48,191.0,1397.0,4460.0,1780.0,1346.0,12820.0
0.99,3,366.0,228.0,270.0,4.54,7.13,211.0,1843.0,4562.0,1761.0,1705.0,1555.0
2.14,8,109.0,444.0,193.0,6.52,1.95,215.0,1847.0,4534.0,1719.0,1263.0,24208.0
0.56,12,88.0,280.0,191.0,4.63,4.0,173.0,1449.0,4501.0,1723.0,1358.0,25623.0
1.23,3,351.0,427.0,264.0,8.89,6.88,148.0,1280.0,4173.0,1832.0,1342.0,49147.0
3.11,12,247.0,380.0,237.0,8.93,4.59,210.0,1787.0,4833.0,1668.0,1363.0,34867.0
3.13,12,159.0,550.0,158.0,4.04,6.47,199.0,1855.0,4589.0,1899.0,1350.0,52005.0
2.84,8,257.0,172.0,198.0,10.17,7.58,140.0,1151.0,4618.0,1747.0,1442.0,15128.0
1.73,8,35.0,446.0,235.0,12.49,11.16,251.0,1139.0,4258.0,1785.0,1143.0,49479.0
2.46,8,220.0,435.0,254.0,7.59,6.77,195.0,1568.0,4362.0,1666.0,1556.0,45815.0
2.5,3,243.0,223.0,193.0,6.22,10.18,216.0,1689.0,4447.0,1799.0,1495.0,4726.0
1.57,8,285.0,421.0,103.0,13.15,11.07,250.0,1410.0,4040.0,1767.0,1214.0,54839.0
3.7,3,149.0,354.0,241.0,4.86,11.09,181.0,1704.0,3994.0,1795.0,1060.0,36402.0
3.2,8,226.0,297.0,171.0,7.54,8.21,196.0,1287.0,4320.0,1947.0,1253.0,40881.0
2.32,10,155.0,238.0,139.0,7.86,2.59,221.0,866.0,4657.0,1818.0,1364.0,22027.0
2.52,12,238.0,248.0,107.0,10.19,8.65,144.0,1373.0,4304.0,1721.0,1787.0,54129.0
2.67,8,157.0,525.0,253.0,8.22,10.12,183.0,1519.0,4194.0,1729.0,1481.0,17212.0
0.87,4,191.0,320.0,225.0,6.5,7.3,186.0,1417.0,4256.0,1860.0,1129.0,47481.0
2.3,12,150.0,398.0,211.0,5.6,11.86,132.0,1152.0,4363.0,1930.0,1297.0,47309.0
1.95,12,266.0,241.0,276.0,6.82,9.65,296.0,955.0,4394.0,1828.0,1392.0,20387.0
1.7,8,280.0,242.0,245.0,5.49,8.92,110.0,1346.0,5150.0,1869.0,1438.0,64751.0
2.28,6,204.0,428.0,285.0,7.6,10.22,115.0,1769.0,4816.0,1861.0,1203.0,38473.0
3.94,8,223.0,185.0,164.0,6.37,8.33,246.0,1877.0,4807.0,1942.0,1380.0,44808.0
3.01,12,119.0,278.0,219.0,4.51,1.27,216.0,1856.0,4851.0,1605.0,1292.0,12093.0
2.04,4,199.0,323.0,155.0,10.01,6.25,129.0,1255.0,4200.0,1867.0,1234.0,66766.0
2.96,12,216.0,331.0,211.0,6.5,10.49,210.0,1154.0,4133.0,1898.0,1439.0,16632.0
3.62,4,403.0,302.0,210.0,4.96,5.48,253.0,1649.0,4168.0,1666.0,1516.0,50373.0
3.24,3,142.0,360.0,245.0,7.16,6.94,178.0,1691.0,4900.0,1711.0,1526.0,20078.0
2.55,10,322.0,389.0,222.0,7.64,4.89,310.0,1620.0,4336.0,1715.0,1486.0,25715.0
1.98,12,290.0,393.0,245.0,4.01,11.96,94.0,896.0,4125.0,1727.0,1325.0,46831.0
3.06,8,240.0,221.0,248.0,8.16,11.7,215.0,1240.0,4371.0,1752.0,1507.0,50413.0
2.81,3,343.0,292.0,306.0,5.41,5.29,238.0,1491.0,4428.0,1824.0,1446.0,15931.0
3.22,10,246.0,439.0,207.0,10.92,7.87,225.0,1646.0,4581.0,1887.0,1420.0,51357.0
3.01,8,247.0,409.0,182.0,8.55,5.8,170.0,1730.0,4575.0,1908.0,1308.0,50675.0
3.34,6,216.0,183.0,230.0,6.7,9.04,165.0,1543.0,4252.0,1716.0,1325.0,20931.0
2.07,8,306.0,355.0,188.0,6.01,8.77,202.0,1599.0,4706.0,1716.0,1411.0,58980.0
3.55,4,297.0,122.0,279.0,7.29,9.53,221.0,1525.0,4308.0,1932.0,1766.0,13147.0
2.66,4,176.0,325.0,209.0,8.73,8.33,210.0,1706.0,4453.0,1865.0,1445.0,25628.0
4.16,6,128.0,510.0,197.0,7.45,14.84,232.0,1594.0,4706.0,1808.0,1308.0,42185.0
1.95,3,206.0,225.0,201.0,7.07,4.93,129.0,1520.0,4307.0,1847.0,1275.0,22197.0
3.89,10,164.0,237.0,249.0,7.62,3.22,169.0,1419.0,4329.0,1797.0,1326.0,38957.0
2.66,8,216.0,396.0,214.0,6.29,6.52,133.0,1524.0,4678.0,1852.0,1727.0,38616.0
1.98,4,307.0,166.0,194.0,6.81,3.58,161.0,1645.0,4243.0,1766.0,1340.0,32194.0
2.11,3,188.0,257.0,287.0,3.33,3.77,231.0,1580.0,4385.0,1827.0,1536.0,47486.0
2.24,6,217.0,380.0,186.0,9.45,5.0,185.0,1614.0,4667.0,1649.0,1344.0,31575.0
2.84,12,224.0,257.0,221.0,8.1,5.19,310.0,1903.0,5116.0,1731.0,1439.0,38473.0
2.92,4,279.0,296.0,246.0,5.95,5.11,190.0,1580.0,4682.0,1732.0,1519.0,52197.0
2.04,6,63.0,394.0,155.0,11.3,8.8,183.0,1305.0,4642.0,1763.0,1314.0,46860.0
2.48,8,178.0,362.0,239.0,7.67,6.23,185.0,1765.0,4659.0,1707.0,1304.0,46790.0
4.21,10,235.0,347.0,178.0,5.43,7.05,148.0,1090.0,4178.0,1747.0,1649.0,17762.0
3.88,4,304.0,286.0,253.0,9.21,9.74,177.0,1176.0,4535.0,1649.0,1548.0,42872.0
2.85,4,186.0,357.0,181.0,8.3,5.58,236.0,1601.0,4491.0,1855.0,1519.0,21823.0
2.53,8,89.0,308.0,248.0,8.29,6.84,186.0,1655.0,4596.0,1792.0,1518.0,15779.0
2.6,12,263.0,366.0,264.0,6.65,8.41,140.0,1126.0,4535.0,1629.0,1469.0,33924.0
2.99,3,176.0,270.0,254.0,8.4,2.65,134.0,1385.0,4614.0,1717.0,1703.0,21436.0
1.68,10,137.0,302.0,230.0,6.98,1.54,157.0,1318.0,4407.0,1834.0,1407.0,46859.0
2.29,4,176.0,221.0,211.0,8.61,8.37,184.0,1354.0,4518.0,1746.0,1487.0,47218.0
1.17,10,207.0,316.0,197.0,3.69,8.73,240.0,1783.0,4132.0,1730.0,1182.0,6461.0
2.82,4,178.0,239.0,279.0,6.63,12.66,113.0,1712.0,4404.0,1793.0,1276.0,22575.0
3.02,10,66.0,209.0,192.0,10.94,7.9,164.0,1494.0,4917.0,1834.0,1220.0,13103.0
2.11,6,283.0,346.0,179.0,5.97,9.55,187.0,1336.0,4596.0,1656.0,1591.0,28061.0
3.76,4,309.0,341.0,247.0,6.29,7.01,88.0,1095.0,4494.0,1855.0,1017.0,41828.0
1.52,10,266.0,398.0,188.0,6.6,8.24,138.0,1926.0,5069.0,1720.0,1340.0,31366.0
1.33,3,140.0,277.0,182.0,5.07,11.67,146.0,1678.0,4092.0,1798.0,951.0,26154.0
